"Project","Type","Method","Operation","Expression","File","Line"
"plugin-core","DB","V0wNwNfGJR","Open","mySqlConnection.Open()","plugin-source/v10-source-restoration/DB.cs","127"
"plugin-core","DB","V0wNwNfGJR","ExecuteNonQuery","mySqlCommand.ExecuteNonQuery()","plugin-source/v10-source-restoration/DB.cs","136"
"plugin-core","DB","V0wNwNfGJR","new MySqlConnection","new MySqlConnection(B区连接)","plugin-source/v10-source-restoration/DB.cs","126"
"plugin-core","DB","V0wNwNfGJR","new MySqlCommand","new MySqlCommand()","plugin-source/v10-source-restoration/DB.cs","133"
"plugin-core","DB","fwlNbKZtLa","Open","mySqlConnection.Open()","plugin-source/v10-source-restoration/DB.cs","149"
"plugin-core","DB","fwlNbKZtLa","ExecuteNonQuery","mySqlCommand.ExecuteNonQuery()","plugin-source/v10-source-restoration/DB.cs","158"
"plugin-core","DB","fwlNbKZtLa","ExecuteNonQuery","mySqlCommand.ExecuteNonQuery()","plugin-source/v10-source-restoration/DB.cs","159"
"plugin-core","DB","fwlNbKZtLa","new MySqlConnection","new MySqlConnection(allsql)","plugin-source/v10-source-restoration/DB.cs","148"
"plugin-core","DB","fwlNbKZtLa","new MySqlCommand","new MySqlCommand()","plugin-source/v10-source-restoration/DB.cs","155"
"plugin-core","DB","o51NJkPfKI","ExecuteNonQuery","mySqlCommand.ExecuteNonQuery()","plugin-source/v10-source-restoration/DB.cs","197"
"plugin-core","DB","o51NJkPfKI","new MySqlCommand","new MySqlCommand(sqlTolatin1, P_0)","plugin-source/v10-source-restoration/DB.cs","196"
"plugin-core","DB","c1ZNsjqlRc","ExecuteNonQuery","mySqlCommand.ExecuteNonQuery()","plugin-source/v10-source-restoration/DB.cs","231"
"plugin-core","DB","c1ZNsjqlRc","new MySqlCommand","new MySqlCommand(P_1, P_0)","plugin-source/v10-source-restoration/DB.cs","230"
"plugin-core","DB","w3HNUJWfp3","ExecuteNonQuery","cmd.ExecuteNonQuery()","plugin-source/v10-source-restoration/DB.cs","254"
"plugin-core","DB","w3HNUJWfp3","new MySqlCommand","new MySqlCommand(P_1, P_0)","plugin-source/v10-source-restoration/DB.cs","253"
"plugin-core","DB","E3iNgPntG8","Open","mySqlConnection.Open()","plugin-source/v10-source-restoration/DB.cs","285"
"plugin-core","DB","E3iNgPntG8","ExecuteReader","mySqlCommand.ExecuteReader()","plugin-source/v10-source-restoration/DB.cs","297"
"plugin-core","DB","E3iNgPntG8","new MySqlConnection","new MySqlConnection(ddbsql2)","plugin-source/v10-source-restoration/DB.cs","284"
"plugin-core","DB","E3iNgPntG8","new MySqlCommand","new MySqlCommand(""SELECT gid FROM gid_info WHERE name = @name"", mySqlConnection)","plugin-source/v10-source-restoration/DB.cs","292"
"plugin-core","DB","DGHNDad7XG","Open","mySqlConnection.Open()","plugin-source/v10-source-restoration/DB.cs","317"
"plugin-core","DB","DGHNDad7XG","ExecuteReader","mySqlCommand.ExecuteReader()","plugin-source/v10-source-restoration/DB.cs","326"
"plugin-core","DB","DGHNDad7XG","new MySqlConnection","new MySqlConnection(ddbsql2)","plugin-source/v10-source-restoration/DB.cs","316"
"plugin-core","DB","DGHNDad7XG","new MySqlCommand","new MySqlCommand(""select CAST(name AS BINARY) AS bytedata from gid_info where gid=@gid"", mySqlConnection)","plugin-source/v10-source-restoration/DB.cs","324"
"plugin-core","DB","ODoNjwX1A1","Open","mySqlConnection.Open()","plugin-source/v10-source-restoration/DB.cs","353"
"plugin-core","DB","ODoNjwX1A1","ExecuteReader","mySqlCommand.ExecuteReader()","plugin-source/v10-source-restoration/DB.cs","362"
"plugin-core","DB","ODoNjwX1A1","new MySqlConnection","new MySqlConnection(ddbsql2)","plugin-source/v10-source-restoration/DB.cs","352"
"plugin-core","DB","ODoNjwX1A1","new MySqlCommand","new MySqlCommand(""select CAST(content AS BINARY) AS bytedata from data where path='user' and branch='' and name=@name"", mySqlConnection)","plugin-source/v10-source-restoration/DB.cs","360"
"plugin-core","DB","RhsNloVXFg","Open","mySqlConnection.Open()","plugin-source/v10-source-restoration/DB.cs","387"
"plugin-core","DB","RhsNloVXFg","ExecuteReader","mySqlCommand.ExecuteReader()","plugin-source/v10-source-restoration/DB.cs","396"
"plugin-core","DB","RhsNloVXFg","Close","mySqlDataReader.Close()","plugin-source/v10-source-restoration/DB.cs","406"
"plugin-core","DB","RhsNloVXFg","new MySqlConnection","new MySqlConnection(ddbsql2)","plugin-source/v10-source-restoration/DB.cs","386"
"plugin-core","DB","RhsNloVXFg","new MySqlCommand","new MySqlCommand(""select CAST(content AS BINARY) AS bytedata from data where path='user' and branch='' and name=@name"", mySqlConnection)","plugin-source/v10-source-restoration/DB.cs","394"
"plugin-core","DB","UliN8mrbMu","Open","mySqlConnection.Open()","plugin-source/v10-source-restoration/DB.cs","423"
"plugin-core","DB","UliN8mrbMu","ExecuteReader","mySqlCommand.ExecuteReader()","plugin-source/v10-source-restoration/DB.cs","432"
"plugin-core","DB","UliN8mrbMu","Close","mySqlDataReader.Close()","plugin-source/v10-source-restoration/DB.cs","442"
"plugin-core","DB","UliN8mrbMu","new MySqlConnection","new MySqlConnection(adbsql1)","plugin-source/v10-source-restoration/DB.cs","422"
"plugin-core","DB","UliN8mrbMu","new MySqlCommand","new MySqlCommand(""select privilege from account where account=@account"", mySqlConnection)","plugin-source/v10-source-restoration/DB.cs","430"
"plugin-core","DB","JY2NIJPMcG","Open","mySqlConnection.Open()","plugin-source/v10-source-restoration/DB.cs","458"
"plugin-core","DB","JY2NIJPMcG","ExecuteReader","mySqlCommand.ExecuteReader()","plugin-source/v10-source-restoration/DB.cs","471"
"plugin-core","DB","JY2NIJPMcG","new MySqlConnection","new MySqlConnection(adbsql1)","plugin-source/v10-source-restoration/DB.cs","457"
"plugin-core","DB","JY2NIJPMcG","new MySqlCommand","new MySqlCommand(""select gold_coin,silver_coin,privilege from account where account=@account"", mySqlConnection)","plugin-source/v10-source-restoration/DB.cs","468"
"plugin-core","DB","cAJNoOkab6","Open","mySqlConnection.Open()","plugin-source/v10-source-restoration/DB.cs","536"
"plugin-core","DB","cAJNoOkab6","ExecuteReader","mySqlCommand.ExecuteReader()","plugin-source/v10-source-restoration/DB.cs","549"
"plugin-core","DB","cAJNoOkab6","new MySqlConnection","new MySqlConnection(adbsql1)","plugin-source/v10-source-restoration/DB.cs","535"
"plugin-core","DB","cAJNoOkab6","new MySqlCommand","new MySqlCommand()","plugin-source/v10-source-restoration/DB.cs","545"
"plugin-core","DB","XTGNNsRFkB","Open","mySqlConnection.Open()","plugin-source/v10-source-restoration/DB.cs","608"
"plugin-core","DB","XTGNNsRFkB","ExecuteReader","mySqlCommand.ExecuteReader()","plugin-source/v10-source-restoration/DB.cs","626"
"plugin-core","DB","XTGNNsRFkB","new MySqlConnection","new MySqlConnection(adbsql1)","plugin-source/v10-source-restoration/DB.cs","607"
"plugin-core","DB","XTGNNsRFkB","new MySqlCommand","new MySqlCommand()","plugin-source/v10-source-restoration/DB.cs","615"
"plugin-core","DB","j3ANifCI7L","Open","conn.Open()","plugin-source/v10-source-restoration/DB.cs","666"
"plugin-core","DB","j3ANifCI7L","ExecuteReader","mySqlCommand.ExecuteReader()","plugin-source/v10-source-restoration/DB.cs","679"
"plugin-core","DB","j3ANifCI7L","new MySqlConnection","new MySqlConnection(adbsql1)","plugin-source/v10-source-restoration/DB.cs","665"
"plugin-core","DB","j3ANifCI7L","new MySqlCommand","new MySqlCommand()","plugin-source/v10-source-restoration/DB.cs","675"
"plugin-core","DB","c1GNBnKh5d","Open","mySqlConnection.Open()","plugin-source/v10-source-restoration/DB.cs","739"
"plugin-core","DB","c1GNBnKh5d","ExecuteReader","mySqlCommand.ExecuteReader()","plugin-source/v10-source-restoration/DB.cs","752"
"plugin-core","DB","c1GNBnKh5d","new MySqlConnection","new MySqlConnection(adbsql1)","plugin-source/v10-source-restoration/DB.cs","738"
"plugin-core","DB","c1GNBnKh5d","new MySqlCommand","new MySqlCommand()","plugin-source/v10-source-restoration/DB.cs","748"
"plugin-core","DB","b0lNGoCiRI","Open","mySqlConnection.Open()","plugin-source/v10-source-restoration/DB.cs","808"
"plugin-core","DB","b0lNGoCiRI","ExecuteReader","mySqlCommand.ExecuteReader()","plugin-source/v10-source-restoration/DB.cs","819"
"plugin-core","DB","b0lNGoCiRI","new MySqlConnection","new MySqlConnection(adbsql1)","plugin-source/v10-source-restoration/DB.cs","807"
"plugin-core","DB","b0lNGoCiRI","new MySqlCommand","new MySqlCommand()","plugin-source/v10-source-restoration/DB.cs","815"
"plugin-core","DB","oEqNfmWhM4","Open","mySqlConnection.Open()","plugin-source/v10-source-restoration/DB.cs","844"
"plugin-core","DB","oEqNfmWhM4","ExecuteReader","mySqlCommand.ExecuteReader()","plugin-source/v10-source-restoration/DB.cs","855"
"plugin-core","DB","oEqNfmWhM4","new MySqlConnection","new MySqlConnection(adbsql1)","plugin-source/v10-source-restoration/DB.cs","843"
"plugin-core","DB","oEqNfmWhM4","new MySqlCommand","new MySqlCommand()","plugin-source/v10-source-restoration/DB.cs","851"
"plugin-core","DB","PtuN65WBZ6","Open","mySqlConnection.Open()","plugin-source/v10-source-restoration/DB.cs","880"
"plugin-core","DB","PtuN65WBZ6","ExecuteReader","mySqlCommand.ExecuteReader()","plugin-source/v10-source-restoration/DB.cs","891"
"plugin-core","DB","PtuN65WBZ6","new MySqlConnection","new MySqlConnection(adbsql1)","plugin-source/v10-source-restoration/DB.cs","879"
"plugin-core","DB","PtuN65WBZ6","new MySqlCommand","new MySqlCommand()","plugin-source/v10-source-restoration/DB.cs","887"
"plugin-core","DB","KmyN2tdqQc","Open","mySqlConnection.Open()","plugin-source/v10-source-restoration/DB.cs","916"
"plugin-core","DB","KmyN2tdqQc","ExecuteReader","mySqlCommand.ExecuteReader()","plugin-source/v10-source-restoration/DB.cs","926"
"plugin-core","DB","KmyN2tdqQc","new MySqlConnection","new MySqlConnection(ddbsql2)","plugin-source/v10-source-restoration/DB.cs","915"
"plugin-core","DB","KmyN2tdqQc","new MySqlCommand","new MySqlCommand()","plugin-source/v10-source-restoration/DB.cs","923"
"plugin-core","DB","z6HNmqLhum","Open","conn.Open()","plugin-source/v10-source-restoration/DB.cs","942"
"plugin-core","DB","z6HNmqLhum","ExecuteReader","cmd.ExecuteReader()","plugin-source/v10-source-restoration/DB.cs","955"
"plugin-core","DB","z6HNmqLhum","new MySqlConnection","new MySqlConnection(ddbsql2)","plugin-source/v10-source-restoration/DB.cs","941"
"plugin-core","DB","z6HNmqLhum","new MySqlCommand","new MySqlCommand()","plugin-source/v10-source-restoration/DB.cs","949"
"plugin-core","DB","XjTNPETDem","Open","mySqlConnection.Open()","plugin-source/v10-source-restoration/DB.cs","986"
"plugin-core","DB","XjTNPETDem","ExecuteReader","mySqlCommand.ExecuteReader()","plugin-source/v10-source-restoration/DB.cs","998"
"plugin-core","DB","XjTNPETDem","new MySqlConnection","new MySqlConnection(ddbsql2)","plugin-source/v10-source-restoration/DB.cs","985"
"plugin-core","DB","XjTNPETDem","new MySqlCommand","new MySqlCommand()","plugin-source/v10-source-restoration/DB.cs","994"
"plugin-core","DB","u0sNXMe2QN","Open","mySqlConnection.Open()","plugin-source/v10-source-restoration/DB.cs","1063"
"plugin-core","DB","u0sNXMe2QN","ExecuteReader","mySqlCommand.ExecuteReader()","plugin-source/v10-source-restoration/DB.cs","1075"
"plugin-core","DB","u0sNXMe2QN","new MySqlConnection","new MySqlConnection(ddbsql2)","plugin-source/v10-source-restoration/DB.cs","1062"
"plugin-core","DB","u0sNXMe2QN","new MySqlCommand","new MySqlCommand()","plugin-source/v10-source-restoration/DB.cs","1071"
"plugin-core","DB","kPJNFAhrFx","Open","mySqlConnection.Open()","plugin-source/v10-source-restoration/DB.cs","1111"
"plugin-core","DB","kPJNFAhrFx","ExecuteReader","mySqlCommand.ExecuteReader()","plugin-source/v10-source-restoration/DB.cs","1121"
"plugin-core","DB","kPJNFAhrFx","Close","mySqlDataReader.Close()","plugin-source/v10-source-restoration/DB.cs","1131"
"plugin-core","DB","kPJNFAhrFx","new MySqlConnection","new MySqlConnection(ddbsql2)","plugin-source/v10-source-restoration/DB.cs","1110"
"plugin-core","DB","kPJNFAhrFx","new MySqlCommand","new MySqlCommand()","plugin-source/v10-source-restoration/DB.cs","1118"
"plugin-core","DB","JfDNL1qVLO","Open","mySqlConnection.Open()","plugin-source/v10-source-restoration/DB.cs","1233"
"plugin-core","DB","JfDNL1qVLO","ExecuteReader","mySqlCommand.ExecuteReader()","plugin-source/v10-source-restoration/DB.cs","1243"
"plugin-core","DB","JfDNL1qVLO","Close","mySqlDataReader.Close()","plugin-source/v10-source-restoration/DB.cs","1249"
"plugin-core","DB","JfDNL1qVLO","new MySqlConnection","new MySqlConnection(ddbsql2)","plugin-source/v10-source-restoration/DB.cs","1232"
"plugin-core","DB","JfDNL1qVLO","new MySqlCommand","new MySqlCommand()","plugin-source/v10-source-restoration/DB.cs","1240"
"plugin-core","DB","iIiN5qmkYH","Open","mySqlConnection.Open()","plugin-source/v10-source-restoration/DB.cs","2543"
"plugin-core","DB","iIiN5qmkYH","ExecuteReader","mySqlCommand.ExecuteReader()","plugin-source/v10-source-restoration/DB.cs","2558"
"plugin-core","DB","iIiN5qmkYH","ExecuteReader","mySqlCommand2.ExecuteReader()","plugin-source/v10-source-restoration/DB.cs","2606"
"plugin-core","DB","iIiN5qmkYH","new MySqlConnection","new MySqlConnection(ddbsql2)","plugin-source/v10-source-restoration/DB.cs","2542"
"plugin-core","DB","iIiN5qmkYH","new MySqlCommand","new MySqlCommand()","plugin-source/v10-source-restoration/DB.cs","2554"
"plugin-core","DB","iIiN5qmkYH","new MySqlCommand","new MySqlCommand()","plugin-source/v10-source-restoration/DB.cs","2602"
"plugin-core","DB","w5lNMH6DIt","Open","conn.Open()","plugin-source/v10-source-restoration/DB.cs","2726"
"plugin-core","DB","w5lNMH6DIt","ExecuteReader","cmd.ExecuteReader()","plugin-source/v10-source-restoration/DB.cs","2736"
"plugin-core","DB","w5lNMH6DIt","Close","查询结果.Close()","plugin-source/v10-source-restoration/DB.cs","2748"
"plugin-core","DB","w5lNMH6DIt","new MySqlConnection","new MySqlConnection(ddbsql2)","plugin-source/v10-source-restoration/DB.cs","2725"
"plugin-core","DB","w5lNMH6DIt","new MySqlCommand","new MySqlCommand()","plugin-source/v10-source-restoration/DB.cs","2733"
"plugin-core","DB","OvlNheWUZG","Open","conn.Open()","plugin-source/v10-source-restoration/DB.cs","2904"
"plugin-core","DB","OvlNheWUZG","ExecuteReader","cmd.ExecuteReader()","plugin-source/v10-source-restoration/DB.cs","2914"
"plugin-core","DB","OvlNheWUZG","Close","查询结果.Close()","plugin-source/v10-source-restoration/DB.cs","2926"
"plugin-core","DB","OvlNheWUZG","new MySqlConnection","new MySqlConnection(ddbsql2)","plugin-source/v10-source-restoration/DB.cs","2903"
"plugin-core","DB","OvlNheWUZG","new MySqlCommand","new MySqlCommand()","plugin-source/v10-source-restoration/DB.cs","2911"
"plugin-core","DB","L3cNvWKwjx","Open","conn.Open()","plugin-source/v10-source-restoration/DB.cs","3084"
"plugin-core","DB","L3cNvWKwjx","ExecuteReader","cmd.ExecuteReader()","plugin-source/v10-source-restoration/DB.cs","3094"
"plugin-core","DB","L3cNvWKwjx","Close","查询结果.Close()","plugin-source/v10-source-restoration/DB.cs","3100"
"plugin-core","DB","L3cNvWKwjx","new MySqlConnection","new MySqlConnection(ddbsql2)","plugin-source/v10-source-restoration/DB.cs","3083"
"plugin-core","DB","L3cNvWKwjx","new MySqlCommand","new MySqlCommand()","plugin-source/v10-source-restoration/DB.cs","3091"
"plugin-core","DB","lcMN7neI7I","Open","mySqlConnection.Open()","plugin-source/v10-source-restoration/DB.cs","3252"
"plugin-core","DB","lcMN7neI7I","ExecuteReader","mySqlCommand.ExecuteReader()","plugin-source/v10-source-restoration/DB.cs","3262"
"plugin-core","DB","lcMN7neI7I","Close","mySqlDataReader.Close()","plugin-source/v10-source-restoration/DB.cs","3268"
"plugin-core","DB","lcMN7neI7I","new MySqlConnection","new MySqlConnection(ddbsql2)","plugin-source/v10-source-restoration/DB.cs","3251"
"plugin-core","DB","lcMN7neI7I","new MySqlCommand","new MySqlCommand()","plugin-source/v10-source-restoration/DB.cs","3259"
"plugin-core","DB","sAYNamlSOP","Open","mySqlConnection.Open()","plugin-source/v10-source-restoration/DB.cs","3321"
"plugin-core","DB","sAYNamlSOP","ExecuteReader","mySqlCommand.ExecuteReader()","plugin-source/v10-source-restoration/DB.cs","3331"
"plugin-core","DB","sAYNamlSOP","Close","mySqlDataReader.Close()","plugin-source/v10-source-restoration/DB.cs","3341"
"plugin-core","DB","sAYNamlSOP","new MySqlConnection","new MySqlConnection(ddbsql2)","plugin-source/v10-source-restoration/DB.cs","3320"
"plugin-core","DB","sAYNamlSOP","new MySqlCommand","new MySqlCommand()","plugin-source/v10-source-restoration/DB.cs","3328"
"plugin-core","DB","w0pNTI2rmG","Open","mySqlConnection.Open()","plugin-source/v10-source-restoration/DB.cs","3369"
"plugin-core","DB","w0pNTI2rmG","ExecuteReader","mySqlCommand.ExecuteReader()","plugin-source/v10-source-restoration/DB.cs","3379"
"plugin-core","DB","w0pNTI2rmG","Close","mySqlDataReader.Close()","plugin-source/v10-source-restoration/DB.cs","3385"
"plugin-core","DB","w0pNTI2rmG","new MySqlConnection","new MySqlConnection(ddbsql2)","plugin-source/v10-source-restoration/DB.cs","3368"
"plugin-core","DB","w0pNTI2rmG","new MySqlCommand","new MySqlCommand()","plugin-source/v10-source-restoration/DB.cs","3376"
"plugin-core","DB","KknN9e9GTK","Open","mySqlConnection.Open()","plugin-source/v10-source-restoration/DB.cs","3417"
"plugin-core","DB","KknN9e9GTK","ExecuteReader","mySqlCommand.ExecuteReader()","plugin-source/v10-source-restoration/DB.cs","3427"
"plugin-core","DB","KknN9e9GTK","Close","mySqlDataReader.Close()","plugin-source/v10-source-restoration/DB.cs","3433"
"plugin-core","DB","KknN9e9GTK","new MySqlConnection","new MySqlConnection(ddbsql2)","plugin-source/v10-source-restoration/DB.cs","3416"
"plugin-core","DB","KknN9e9GTK","new MySqlCommand","new MySqlCommand()","plugin-source/v10-source-restoration/DB.cs","3424"
"plugin-core","DB","JevNyLC1UJ","Open","mySqlConnection.Open()","plugin-source/v10-source-restoration/DB.cs","3474"
"plugin-core","DB","JevNyLC1UJ","ExecuteReader","mySqlCommand.ExecuteReader()","plugin-source/v10-source-restoration/DB.cs","3484"
"plugin-core","DB","JevNyLC1UJ","Close","mySqlDataReader.Close()","plugin-source/v10-source-restoration/DB.cs","3494"
"plugin-core","DB","JevNyLC1UJ","new MySqlConnection","new MySqlConnection(ddbsql2)","plugin-source/v10-source-restoration/DB.cs","3473"
"plugin-core","DB","JevNyLC1UJ","new MySqlCommand","new MySqlCommand()","plugin-source/v10-source-restoration/DB.cs","3481"
"plugin-core","DB","A1gNCx0GiF","Open","mySqlConnection.Open()","plugin-source/v10-source-restoration/DB.cs","3587"
"plugin-core","DB","A1gNCx0GiF","ExecuteReader","mySqlCommand.ExecuteReader()","plugin-source/v10-source-restoration/DB.cs","3597"
"plugin-core","DB","A1gNCx0GiF","Close","mySqlDataReader.Close()","plugin-source/v10-source-restoration/DB.cs","3607"
"plugin-core","DB","A1gNCx0GiF","new MySqlConnection","new MySqlConnection(ddbsql2)","plugin-source/v10-source-restoration/DB.cs","3586"
"plugin-core","DB","A1gNCx0GiF","new MySqlCommand","new MySqlCommand()","plugin-source/v10-source-restoration/DB.cs","3594"
"plugin-core","DB","C2XNVmntJa","Open","mySqlConnection.Open()","plugin-source/v10-source-restoration/DB.cs","3699"
"plugin-core","DB","C2XNVmntJa","ExecuteReader","mySqlCommand.ExecuteReader()","plugin-source/v10-source-restoration/DB.cs","3709"
"plugin-core","DB","C2XNVmntJa","Close","mySqlDataReader.Close()","plugin-source/v10-source-restoration/DB.cs","3715"
"plugin-core","DB","C2XNVmntJa","new MySqlConnection","new MySqlConnection(ddbsql2)","plugin-source/v10-source-restoration/DB.cs","3698"
"plugin-core","DB","C2XNVmntJa","new MySqlCommand","new MySqlCommand()","plugin-source/v10-source-restoration/DB.cs","3706"
"plugin-core","DB","ThVNkUOkV1","Open","mySqlConnection.Open()","plugin-source/v10-source-restoration/DB.cs","3842"
"plugin-core","DB","ThVNkUOkV1","ExecuteReader","mySqlCommand.ExecuteReader()","plugin-source/v10-source-restoration/DB.cs","3852"
"plugin-core","DB","ThVNkUOkV1","Close","mySqlDataReader.Close()","plugin-source/v10-source-restoration/DB.cs","3858"
"plugin-core","DB","ThVNkUOkV1","new MySqlConnection","new MySqlConnection(ddbsql2)","plugin-source/v10-source-restoration/DB.cs","3841"
"plugin-core","DB","ThVNkUOkV1","new MySqlCommand","new MySqlCommand()","plugin-source/v10-source-restoration/DB.cs","3849"
"plugin-core","DB","EOON01Bhu7","Open","mySqlConnection.Open()","plugin-source/v10-source-restoration/DB.cs","3992"
"plugin-core","DB","EOON01Bhu7","ExecuteReader","mySqlCommand.ExecuteReader()","plugin-source/v10-source-restoration/DB.cs","4002"
"plugin-core","DB","EOON01Bhu7","Close","mySqlDataReader.Close()","plugin-source/v10-source-restoration/DB.cs","4008"
"plugin-core","DB","EOON01Bhu7","new MySqlConnection","new MySqlConnection(ddbsql2)","plugin-source/v10-source-restoration/DB.cs","3991"
"plugin-core","DB","EOON01Bhu7","new MySqlCommand","new MySqlCommand()","plugin-source/v10-source-restoration/DB.cs","3999"
"plugin-core","DB","LuPNOoBm9M","Open","mySqlConnection.Open()","plugin-source/v10-source-restoration/DB.cs","4140"
"plugin-core","DB","LuPNOoBm9M","ExecuteReader","mySqlCommand.ExecuteReader()","plugin-source/v10-source-restoration/DB.cs","4150"
"plugin-core","DB","LuPNOoBm9M","Close","mySqlDataReader.Close()","plugin-source/v10-source-restoration/DB.cs","4156"
"plugin-core","DB","LuPNOoBm9M","new MySqlConnection","new MySqlConnection(ddbsql2)","plugin-source/v10-source-restoration/DB.cs","4139"
"plugin-core","DB","LuPNOoBm9M","new MySqlCommand","new MySqlCommand()","plugin-source/v10-source-restoration/DB.cs","4147"
"plugin-core","DB","XS1NQib1hv","Open","mySqlConnection.Open()","plugin-source/v10-source-restoration/DB.cs","4288"
"plugin-core","DB","XS1NQib1hv","ExecuteReader","mySqlCommand.ExecuteReader()","plugin-source/v10-source-restoration/DB.cs","4298"
"plugin-core","DB","XS1NQib1hv","Close","mySqlDataReader.Close()","plugin-source/v10-source-restoration/DB.cs","4304"
"plugin-core","DB","XS1NQib1hv","new MySqlConnection","new MySqlConnection(ddbsql2)","plugin-source/v10-source-restoration/DB.cs","4287"
"plugin-core","DB","XS1NQib1hv","new MySqlCommand","new MySqlCommand()","plugin-source/v10-source-restoration/DB.cs","4295"
"plugin-core","DB","q4tNElyr7E","Open","mySqlConnection.Open()","plugin-source/v10-source-restoration/DB.cs","4432"
"plugin-core","DB","q4tNElyr7E","ExecuteReader","mySqlCommand.ExecuteReader()","plugin-source/v10-source-restoration/DB.cs","4442"
"plugin-core","DB","q4tNElyr7E","Close","mySqlDataReader.Close()","plugin-source/v10-source-restoration/DB.cs","4448"
"plugin-core","DB","q4tNElyr7E","new MySqlConnection","new MySqlConnection(ddbsql2)","plugin-source/v10-source-restoration/DB.cs","4431"
"plugin-core","DB","q4tNElyr7E","new MySqlCommand","new MySqlCommand()","plugin-source/v10-source-restoration/DB.cs","4439"
"plugin-core","DB","VEaN3PYcQZ","Open","mySqlConnection.Open()","plugin-source/v10-source-restoration/DB.cs","4578"
"plugin-core","DB","VEaN3PYcQZ","ExecuteReader","mySqlCommand.ExecuteReader()","plugin-source/v10-source-restoration/DB.cs","4588"
"plugin-core","DB","VEaN3PYcQZ","Close","mySqlDataReader.Close()","plugin-source/v10-source-restoration/DB.cs","4593"
"plugin-core","DB","VEaN3PYcQZ","new MySqlConnection","new MySqlConnection(adbsql1)","plugin-source/v10-source-restoration/DB.cs","4577"
"plugin-core","DB","VEaN3PYcQZ","new MySqlCommand","new MySqlCommand()","plugin-source/v10-source-restoration/DB.cs","4585"
"plugin-core","DB","OtMNYN4cvo","Open","mySqlConnection.Open()","plugin-source/v10-source-restoration/DB.cs","4614"
"plugin-core","DB","OtMNYN4cvo","ExecuteReader","mySqlCommand.ExecuteReader()","plugin-source/v10-source-restoration/DB.cs","4624"
"plugin-core","DB","OtMNYN4cvo","Close","mySqlDataReader.Close()","plugin-source/v10-source-restoration/DB.cs","4629"
"plugin-core","DB","OtMNYN4cvo","new MySqlConnection","new MySqlConnection(adbsql1)","plugin-source/v10-source-restoration/DB.cs","4613"
"plugin-core","DB","OtMNYN4cvo","new MySqlCommand","new MySqlCommand()","plugin-source/v10-source-restoration/DB.cs","4621"
"plugin-core","DB","vWiNp7QZQV","Open","mySqlConnection.Open()","plugin-source/v10-source-restoration/DB.cs","4651"
"plugin-core","DB","vWiNp7QZQV","ExecuteReader","mySqlCommand.ExecuteReader()","plugin-source/v10-source-restoration/DB.cs","4657"
"plugin-core","DB","vWiNp7QZQV","new MySqlConnection","new MySqlConnection(allsql)","plugin-source/v10-source-restoration/DB.cs","4650"
"plugin-core","DB","vWiNp7QZQV","new MySqlCommand","new MySqlCommand()","plugin-source/v10-source-restoration/DB.cs","4653"
"plugin-core","DB","lrCN10MduL","Open","conn.Open()","plugin-source/v10-source-restoration/DB.cs","4680"
"plugin-core","DB","lrCN10MduL","new MySqlConnection","new MySqlConnection(adbsql1)","plugin-source/v10-source-restoration/DB.cs","4679"
"plugin-core","DB","JLeNxXwjvp","Open","mySqlConnection.Open()","plugin-source/v10-source-restoration/DB.cs","4772"
"plugin-core","DB","JLeNxXwjvp","ExecuteReader","mySqlCommand.ExecuteReader()","plugin-source/v10-source-restoration/DB.cs","4782"
"plugin-core","DB","JLeNxXwjvp","new MySqlConnection","new MySqlConnection(adbsql1)","plugin-source/v10-source-restoration/DB.cs","4771"
"plugin-core","DB","JLeNxXwjvp","new MySqlCommand","new MySqlCommand()","plugin-source/v10-source-restoration/DB.cs","4779"
"plugin-core","DB","nfUNHWxQg5","Open","mySqlConnection.Open()","plugin-source/v10-source-restoration/DB.cs","4872"
"plugin-core","DB","nfUNHWxQg5","ExecuteReader","mySqlCommand.ExecuteReader()","plugin-source/v10-source-restoration/DB.cs","4885"
"plugin-core","DB","nfUNHWxQg5","Close","mySqlDataReader.Close()","plugin-source/v10-source-restoration/DB.cs","4893"
"plugin-core","DB","nfUNHWxQg5","new MySqlConnection","new MySqlConnection(adbsql1)","plugin-source/v10-source-restoration/DB.cs","4871"
"plugin-core","DB","nfUNHWxQg5","new MySqlCommand","new MySqlCommand()","plugin-source/v10-source-restoration/DB.cs","4879"
"plugin-core","DB","wf9N4MHQvU","Open","conn.Open()","plugin-source/v10-source-restoration/DB.cs","4984"
"plugin-core","DB","wf9N4MHQvU","ExecuteReader","cmd.ExecuteReader()","plugin-source/v10-source-restoration/DB.cs","4997"
"plugin-core","DB","wf9N4MHQvU","Close","查询结果.Close()","plugin-source/v10-source-restoration/DB.cs","5018"
"plugin-core","DB","wf9N4MHQvU","new MySqlConnection","new MySqlConnection(adbsql1)","plugin-source/v10-source-restoration/DB.cs","4983"
"plugin-core","DB","wf9N4MHQvU","new MySqlCommand","new MySqlCommand()","plugin-source/v10-source-restoration/DB.cs","4991"
"plugin-core","DB","K6CNeCnGhr","Open","mySqlConnection.Open()","plugin-source/v10-source-restoration/DB.cs","5042"
"plugin-core","DB","K6CNeCnGhr","new MySqlConnection","new MySqlConnection(adbsql1)","plugin-source/v10-source-restoration/DB.cs","5041"
"plugin-core","DB","wmMNqYIGuE","Open","mySqlConnection.Open()","plugin-source/v10-source-restoration/DB.cs","5078"
"plugin-core","DB","wmMNqYIGuE","ExecuteReader","mySqlCommand.ExecuteReader()","plugin-source/v10-source-restoration/DB.cs","5089"
"plugin-core","DB","wmMNqYIGuE","Close","mySqlDataReader.Close()","plugin-source/v10-source-restoration/DB.cs","5104"
"plugin-core","DB","wmMNqYIGuE","new MySqlConnection","new MySqlConnection(adbsql1)","plugin-source/v10-source-restoration/DB.cs","5077"
"plugin-core","DB","wmMNqYIGuE","new MySqlCommand","new MySqlCommand()","plugin-source/v10-source-restoration/DB.cs","5086"
"plugin-core","DB","IPJNZeRxy9","Open","conn.Open()","plugin-source/v10-source-restoration/DB.cs","5325"
"plugin-core","DB","IPJNZeRxy9","ExecuteReader","mySqlCommand.ExecuteReader()","plugin-source/v10-source-restoration/DB.cs","5337"
"plugin-core","DB","IPJNZeRxy9","ExecuteNonQuery","mySqlCommand3.ExecuteNonQuery()","plugin-source/v10-source-restoration/DB.cs","5374"
"plugin-core","DB","IPJNZeRxy9","ExecuteNonQuery","mySqlCommand2.ExecuteNonQuery()","plugin-source/v10-source-restoration/DB.cs","5411"
"plugin-core","DB","IPJNZeRxy9","new MySqlConnection","new MySqlConnection(adbsql1)","plugin-source/v10-source-restoration/DB.cs","5324"
"plugin-core","DB","IPJNZeRxy9","new MySqlCommand","new MySqlCommand(""select * from yjcdk where cdk=@cdk"", conn)","plugin-source/v10-source-restoration/DB.cs","5334"
"plugin-core","DB","IPJNZeRxy9","new MySqlCommand","new MySqlCommand(defaultInterpolatedStringHandler.ToStringAndClear(), conn)","plugin-source/v10-source-restoration/DB.cs","5371"
"plugin-core","DB","IPJNZeRxy9","new MySqlCommand","new MySqlCommand(defaultInterpolatedStringHandler.ToStringAndClear(), conn)","plugin-source/v10-source-restoration/DB.cs","5408"
"plugin-core","DB","uSXNt3pcrB","Open","mySqlConnection.Open()","plugin-source/v10-source-restoration/DB.cs","5448"
"plugin-core","DB","uSXNt3pcrB","ExecuteReader","mySqlCommand.ExecuteReader()","plugin-source/v10-source-restoration/DB.cs","5458"
"plugin-core","DB","uSXNt3pcrB","Close","mySqlDataReader.Close()","plugin-source/v10-source-restoration/DB.cs","5472"
"plugin-core","DB","uSXNt3pcrB","new MySqlConnection","new MySqlConnection(adbsql1)","plugin-source/v10-source-restoration/DB.cs","5447"
"plugin-core","DB","uSXNt3pcrB","new MySqlCommand","new MySqlCommand()","plugin-source/v10-source-restoration/DB.cs","5455"
"plugin-core","DB","OfvNAsuSuZ","Open","mySqlConnection.Open()","plugin-source/v10-source-restoration/DB.cs","5520"
"plugin-core","DB","OfvNAsuSuZ","ExecuteReader","mySqlCommand.ExecuteReader()","plugin-source/v10-source-restoration/DB.cs","5530"
"plugin-core","DB","OfvNAsuSuZ","new MySqlConnection","new MySqlConnection(allsql)","plugin-source/v10-source-restoration/DB.cs","5519"
"plugin-core","DB","OfvNAsuSuZ","new MySqlCommand","new MySqlCommand()","plugin-source/v10-source-restoration/DB.cs","5527"
"plugin-core","DB","zZwNzPUOhm","Open","mySqlConnection.Open()","plugin-source/v10-source-restoration/DB.cs","5585"
"plugin-core","DB","zZwNzPUOhm","ExecuteReader","mySqlCommand.ExecuteReader()","plugin-source/v10-source-restoration/DB.cs","5595"
"plugin-core","DB","zZwNzPUOhm","new MySqlConnection","new MySqlConnection(adbsql1)","plugin-source/v10-source-restoration/DB.cs","5584"
"plugin-core","DB","zZwNzPUOhm","new MySqlCommand","new MySqlCommand()","plugin-source/v10-source-restoration/DB.cs","5592"
"plugin-core","DB","wQ0iu8C57G","Open","mySqlConnection.Open()","plugin-source/v10-source-restoration/DB.cs","5667"
"plugin-core","DB","wQ0iu8C57G","ExecuteReader","mySqlCommand.ExecuteReader()","plugin-source/v10-source-restoration/DB.cs","5677"
"plugin-core","DB","wQ0iu8C57G","new MySqlConnection","new MySqlConnection(adbsql1)","plugin-source/v10-source-restoration/DB.cs","5666"
"plugin-core","DB","wQ0iu8C57G","new MySqlCommand","new MySqlCommand()","plugin-source/v10-source-restoration/DB.cs","5674"
"plugin-core","DB","vZGiRD2ejr","Open","mySqlConnection.Open()","plugin-source/v10-source-restoration/DB.cs","5948"
"plugin-core","DB","vZGiRD2ejr","ExecuteReader","mySqlCommand.ExecuteReader()","plugin-source/v10-source-restoration/DB.cs","5958"
"plugin-core","DB","vZGiRD2ejr","Close","mySqlDataReader.Close()","plugin-source/v10-source-restoration/DB.cs","5980"
"plugin-core","DB","vZGiRD2ejr","new MySqlConnection","new MySqlConnection(adbsql1)","plugin-source/v10-source-restoration/DB.cs","5947"
"plugin-core","DB","vZGiRD2ejr","new MySqlCommand","new MySqlCommand()","plugin-source/v10-source-restoration/DB.cs","5955"
"plugin-core","DB","GID取宠物数据","Open","mySqlConnection.Open()","plugin-source/v10-source-restoration/DB.cs","5995"
"plugin-core","DB","GID取宠物数据","ExecuteReader","mySqlCommand.ExecuteReader()","plugin-source/v10-source-restoration/DB.cs","6005"
"plugin-core","DB","GID取宠物数据","Close","mySqlDataReader.Close()","plugin-source/v10-source-restoration/DB.cs","6014"
"plugin-core","DB","GID取宠物数据","new MySqlConnection","new MySqlConnection(ddbsql2)","plugin-source/v10-source-restoration/DB.cs","5994"
"plugin-core","DB","GID取宠物数据","new MySqlCommand","new MySqlCommand()","plugin-source/v10-source-restoration/DB.cs","6002"
"plugin-core","DB","GID取娃娃数据","Open","mySqlConnection.Open()","plugin-source/v10-source-restoration/DB.cs","6031"
"plugin-core","DB","GID取娃娃数据","ExecuteReader","mySqlCommand.ExecuteReader()","plugin-source/v10-source-restoration/DB.cs","6041"
"plugin-core","DB","GID取娃娃数据","Close","mySqlDataReader.Close()","plugin-source/v10-source-restoration/DB.cs","6051"
"plugin-core","DB","GID取娃娃数据","new MySqlConnection","new MySqlConnection(ddbsql2)","plugin-source/v10-source-restoration/DB.cs","6030"
"plugin-core","DB","GID取娃娃数据","new MySqlCommand","new MySqlCommand()","plugin-source/v10-source-restoration/DB.cs","6038"
"plugin-core","DB","Mysql_发送五系娃娃处理","Open","mySqlConnection.Open()","plugin-source/v10-source-restoration/DB.cs","6185"
"plugin-core","DB","Mysql_发送五系娃娃处理","new MySqlConnection","new MySqlConnection(ddbsql2)","plugin-source/v10-source-restoration/DB.cs","6184"
"plugin-core","DB","GnMisRMvyJ","Open","mySqlConnection.Open()","plugin-source/v10-source-restoration/DB.cs","6247"
"plugin-core","DB","GnMisRMvyJ","ExecuteReader","mySqlCommand.ExecuteReader()","plugin-source/v10-source-restoration/DB.cs","6257"
"plugin-core","DB","GnMisRMvyJ","new MySqlConnection","new MySqlConnection(adbsql1)","plugin-source/v10-source-restoration/DB.cs","6246"
"plugin-core","DB","GnMisRMvyJ","new MySqlCommand","new MySqlCommand(""select * from yjcdk where cdk=@cdk"", mySqlConnection)","plugin-source/v10-source-restoration/DB.cs","6254"
"plugin-core","DB","网关注册账号事件","Open","mySqlConnection.Open()","plugin-source/v10-source-restoration/DB.cs","6408"
"plugin-core","DB","网关注册账号事件","ExecuteReader","mySqlCommand.ExecuteReader()","plugin-source/v10-source-restoration/DB.cs","6421"
"plugin-core","DB","网关注册账号事件","ExecuteReader","mySqlCommand2.ExecuteReader()","plugin-source/v10-source-restoration/DB.cs","6441"
"plugin-core","DB","网关注册账号事件","ExecuteReader","mySqlCommand3.ExecuteReader()","plugin-source/v10-source-restoration/DB.cs","6477"
"plugin-core","DB","网关注册账号事件","ExecuteNonQuery","mySqlCommand4.ExecuteNonQuery()","plugin-source/v10-source-restoration/DB.cs","6538"
"plugin-core","DB","网关注册账号事件","ExecuteReader","mySqlCommand5.ExecuteReader()","plugin-source/v10-source-restoration/DB.cs","6577"
"plugin-core","DB","网关注册账号事件","Close","mySqlDataReader4.Close()","plugin-source/v10-source-restoration/DB.cs","6582"
"plugin-core","DB","网关注册账号事件","new MySqlConnection","new MySqlConnection(allsql)","plugin-source/v10-source-restoration/DB.cs","6406"
"plugin-core","DB","网关注册账号事件","new MySqlCommand","new MySqlCommand()","plugin-source/v10-source-restoration/DB.cs","6416"
"plugin-core","DB","网关注册账号事件","new MySqlCommand","new MySqlCommand()","plugin-source/v10-source-restoration/DB.cs","6436"
"plugin-core","DB","网关注册账号事件","new MySqlCommand","new MySqlCommand()","plugin-source/v10-source-restoration/DB.cs","6467"
"plugin-core","DB","网关注册账号事件","new MySqlCommand","new MySqlCommand(defaultInterpolatedStringHandler.ToStringAndClear(), mySqlConnection)","plugin-source/v10-source-restoration/DB.cs","6528"
"plugin-core","DB","网关注册账号事件","new MySqlCommand","new MySqlCommand(defaultInterpolatedStringHandler.ToStringAndClear(), mySqlConnection)","plugin-source/v10-source-restoration/DB.cs","6575"
"plugin-core","DB","创建注册存档数据","Open","mySqlConnection.Open()","plugin-source/v10-source-restoration/DB.cs","6949"
"plugin-core","DB","创建注册存档数据","new MySqlConnection","new MySqlConnection(allsql)","plugin-source/v10-source-restoration/DB.cs","6947"
"plugin-core","DB","创建注册存档数据","new MySqlCommand","new MySqlCommand()","plugin-source/v10-source-restoration/DB.cs","6956"
"plugin-core","DB","后台注册GM账号事件","Open","mySqlConnection.Open()","plugin-source/v10-source-restoration/DB.cs","7014"
"plugin-core","DB","后台注册GM账号事件","ExecuteReader","mySqlCommand.ExecuteReader()","plugin-source/v10-source-restoration/DB.cs","7033"
"plugin-core","DB","后台注册GM账号事件","Close","mySqlDataReader.Close()","plugin-source/v10-source-restoration/DB.cs","7040"
"plugin-core","DB","后台注册GM账号事件","Close","mySqlDataReader.Close()","plugin-source/v10-source-restoration/DB.cs","7044"
"plugin-core","DB","后台注册GM账号事件","ExecuteReader","mySqlCommand2.ExecuteReader()","plugin-source/v10-source-restoration/DB.cs","7064"
"plugin-core","DB","后台注册GM账号事件","Close","mySqlDataReader2.Close()","plugin-source/v10-source-restoration/DB.cs","7068"
"plugin-core","DB","后台注册GM账号事件","Close","mySqlDataReader2.Close()","plugin-source/v10-source-restoration/DB.cs","7076"
"plugin-core","DB","后台注册GM账号事件","ExecuteReader","mySqlCommand3.ExecuteReader()","plugin-source/v10-source-restoration/DB.cs","7142"
"plugin-core","DB","后台注册GM账号事件","Close","mySqlDataReader3.Close()","plugin-source/v10-source-restoration/DB.cs","7147"
"plugin-core","DB","后台注册GM账号事件","new MySqlConnection","new MySqlConnection(allsql)","plugin-source/v10-source-restoration/DB.cs","7012"
"plugin-core","DB","后台注册GM账号事件","new MySqlCommand","new MySqlCommand()","plugin-source/v10-source-restoration/DB.cs","7024"
"plugin-core","DB","后台注册GM账号事件","new MySqlCommand","new MySqlCommand()","plugin-source/v10-source-restoration/DB.cs","7053"
"plugin-core","DB","后台注册GM账号事件","new MySqlCommand","new MySqlCommand()","plugin-source/v10-source-restoration/DB.cs","7133"
"plugin-core","DB","网关修改密码事件","Open","mySqlConnection.Open()","plugin-source/v10-source-restoration/DB.cs","7506"
"plugin-core","DB","网关修改密码事件","ExecuteReader","mySqlCommand.ExecuteReader()","plugin-source/v10-source-restoration/DB.cs","7519"
"plugin-core","DB","网关修改密码事件","Close","mySqlDataReader.Close()","plugin-source/v10-source-restoration/DB.cs","7527"
"plugin-core","DB","网关修改密码事件","new MySqlConnection","new MySqlConnection(adbsql1)","plugin-source/v10-source-restoration/DB.cs","7504"
"plugin-core","DB","网关修改密码事件","new MySqlCommand","new MySqlCommand(""select * from account where account=@account"", mySqlConnection)","plugin-source/v10-source-restoration/DB.cs","7516"
"plugin-core","DB","锁定账号操作","Open","mySqlConnection.Open()","plugin-source/v10-source-restoration/DB.cs","7567"
"plugin-core","DB","锁定账号操作","new MySqlConnection","new MySqlConnection(adbsql1)","plugin-source/v10-source-restoration/DB.cs","7565"
"plugin-core","DB","锁定账号操作异步","Open","conn.Open()","plugin-source/v10-source-restoration/DB.cs","7604"
"plugin-core","DB","锁定账号操作异步","new MySqlConnection","new MySqlConnection(adbsql1)","plugin-source/v10-source-restoration/DB.cs","7602"
"plugin-core","DB","更新强力守护操作","Open","conn.Open()","plugin-source/v10-source-restoration/DB.cs","7666"
"plugin-core","DB","更新强力守护操作","ExecuteReader","cmd.ExecuteReader()","plugin-source/v10-source-restoration/DB.cs","7676"
"plugin-core","DB","更新强力守护操作","Close","查询结果.Close()","plugin-source/v10-source-restoration/DB.cs","7685"
"plugin-core","DB","更新强力守护操作","new MySqlConnection","new MySqlConnection(ddbsql2)","plugin-source/v10-source-restoration/DB.cs","7665"
"plugin-core","DB","更新强力守护操作","new MySqlCommand","new MySqlCommand()","plugin-source/v10-source-restoration/DB.cs","7673"
"plugin-core","DB","测试数据库文本读取","Open","mySqlConnection.Open()","plugin-source/v10-source-restoration/DB.cs","7757"
"plugin-core","DB","测试数据库文本读取","ExecuteReader","mySqlCommand.ExecuteReader()","plugin-source/v10-source-restoration/DB.cs","7767"
"plugin-core","DB","测试数据库文本读取","Close","mySqlDataReader.Close()","plugin-source/v10-source-restoration/DB.cs","7775"
"plugin-core","DB","测试数据库文本读取","new MySqlConnection","new MySqlConnection(ddbsql2)","plugin-source/v10-source-restoration/DB.cs","7756"
"plugin-core","DB","测试数据库文本读取","new MySqlCommand","new MySqlCommand()","plugin-source/v10-source-restoration/DB.cs","7764"
"plugin-core","DB","Jo4iUQtFYN","Open","conn.Open()","plugin-source/v10-source-restoration/DB.cs","7798"
"plugin-core","DB","Jo4iUQtFYN","ExecuteReader","cmd.ExecuteReader()","plugin-source/v10-source-restoration/DB.cs","7808"
"plugin-core","DB","Jo4iUQtFYN","Close","查询结果.Close()","plugin-source/v10-source-restoration/DB.cs","7818"
"plugin-core","DB","Jo4iUQtFYN","new MySqlConnection","new MySqlConnection(ddbsql2)","plugin-source/v10-source-restoration/DB.cs","7797"
"plugin-core","DB","Jo4iUQtFYN","new MySqlCommand","new MySqlCommand()","plugin-source/v10-source-restoration/DB.cs","7805"
"plugin-core","DB","DXLiWhENog","Open","conn.Open()","plugin-source/v10-source-restoration/DB.cs","7916"
"plugin-core","DB","DXLiWhENog","ExecuteReader","cmd.ExecuteReader()","plugin-source/v10-source-restoration/DB.cs","7926"
"plugin-core","DB","DXLiWhENog","Close","查询结果.Close()","plugin-source/v10-source-restoration/DB.cs","7932"
"plugin-core","DB","DXLiWhENog","new MySqlConnection","new MySqlConnection(ddbsql2)","plugin-source/v10-source-restoration/DB.cs","7915"
"plugin-core","DB","DXLiWhENog","new MySqlCommand","new MySqlCommand()","plugin-source/v10-source-restoration/DB.cs","7923"
"plugin-core","DB","JTbigvkj7R","Open","conn.Open()","plugin-source/v10-source-restoration/DB.cs","7986"
"plugin-core","DB","JTbigvkj7R","ExecuteReader","cmd.ExecuteReader()","plugin-source/v10-source-restoration/DB.cs","7996"
"plugin-core","DB","JTbigvkj7R","Close","查询结果.Close()","plugin-source/v10-source-restoration/DB.cs","8002"
"plugin-core","DB","JTbigvkj7R","new MySqlConnection","new MySqlConnection(ddbsql2)","plugin-source/v10-source-restoration/DB.cs","7985"
"plugin-core","DB","JTbigvkj7R","new MySqlCommand","new MySqlCommand()","plugin-source/v10-source-restoration/DB.cs","7993"
"plugin-core","htk7ADBGgMdoyiK2inI.wki1dRBBTGa2CXII175","sgwB22noKe","Open","mySqlConnection.Open()","plugin-source/v10-source-restoration/htk7ADBGgMdoyiK2inI/wki1dRBBTGa2CXII175.cs","203"
"plugin-core","htk7ADBGgMdoyiK2inI.wki1dRBBTGa2CXII175","sgwB22noKe","ExecuteReader","mySqlCommand.ExecuteReader()","plugin-source/v10-source-restoration/htk7ADBGgMdoyiK2inI/wki1dRBBTGa2CXII175.cs","213"
"plugin-core","htk7ADBGgMdoyiK2inI.wki1dRBBTGa2CXII175","sgwB22noKe","Close","mySqlDataReader.Close()","plugin-source/v10-source-restoration/htk7ADBGgMdoyiK2inI/wki1dRBBTGa2CXII175.cs","238"
"plugin-core","htk7ADBGgMdoyiK2inI.wki1dRBBTGa2CXII175","sgwB22noKe","new MySqlConnection","new MySqlConnection(DB.B区连接)","plugin-source/v10-source-restoration/htk7ADBGgMdoyiK2inI/wki1dRBBTGa2CXII175.cs","202"
"plugin-core","htk7ADBGgMdoyiK2inI.wki1dRBBTGa2CXII175","sgwB22noKe","new MySqlCommand","new MySqlCommand()","plugin-source/v10-source-restoration/htk7ADBGgMdoyiK2inI/wki1dRBBTGa2CXII175.cs","210"
"plugin-core","htk7ADBGgMdoyiK2inI.wki1dRBBTGa2CXII175","OBvBmu3xBR","Open","mySqlConnection.Open()","plugin-source/v10-source-restoration/htk7ADBGgMdoyiK2inI/wki1dRBBTGa2CXII175.cs","262"
"plugin-core","htk7ADBGgMdoyiK2inI.wki1dRBBTGa2CXII175","OBvBmu3xBR","ExecuteReader","mySqlCommand.ExecuteReader()","plugin-source/v10-source-restoration/htk7ADBGgMdoyiK2inI/wki1dRBBTGa2CXII175.cs","272"
"plugin-core","htk7ADBGgMdoyiK2inI.wki1dRBBTGa2CXII175","OBvBmu3xBR","Close","mySqlDataReader.Close()","plugin-source/v10-source-restoration/htk7ADBGgMdoyiK2inI/wki1dRBBTGa2CXII175.cs","283"
"plugin-core","htk7ADBGgMdoyiK2inI.wki1dRBBTGa2CXII175","OBvBmu3xBR","new MySqlConnection","new MySqlConnection(DB.B区连接)","plugin-source/v10-source-restoration/htk7ADBGgMdoyiK2inI/wki1dRBBTGa2CXII175.cs","261"
"plugin-core","htk7ADBGgMdoyiK2inI.wki1dRBBTGa2CXII175","OBvBmu3xBR","new MySqlCommand","new MySqlCommand()","plugin-source/v10-source-restoration/htk7ADBGgMdoyiK2inI/wki1dRBBTGa2CXII175.cs","269"
"plugin-core","htk7ADBGgMdoyiK2inI.wki1dRBBTGa2CXII175","VHkBPNVTh0","Open","mySqlConnection.Open()","plugin-source/v10-source-restoration/htk7ADBGgMdoyiK2inI/wki1dRBBTGa2CXII175.cs","301"
"plugin-core","htk7ADBGgMdoyiK2inI.wki1dRBBTGa2CXII175","VHkBPNVTh0","ExecuteReader","mySqlCommand.ExecuteReader()","plugin-source/v10-source-restoration/htk7ADBGgMdoyiK2inI/wki1dRBBTGa2CXII175.cs","311"
"plugin-core","htk7ADBGgMdoyiK2inI.wki1dRBBTGa2CXII175","VHkBPNVTh0","Close","mySqlDataReader.Close()","plugin-source/v10-source-restoration/htk7ADBGgMdoyiK2inI/wki1dRBBTGa2CXII175.cs","339"
"plugin-core","htk7ADBGgMdoyiK2inI.wki1dRBBTGa2CXII175","VHkBPNVTh0","new MySqlConnection","new MySqlConnection(DB.B区连接)","plugin-source/v10-source-restoration/htk7ADBGgMdoyiK2inI/wki1dRBBTGa2CXII175.cs","300"
"plugin-core","htk7ADBGgMdoyiK2inI.wki1dRBBTGa2CXII175","VHkBPNVTh0","new MySqlCommand","new MySqlCommand()","plugin-source/v10-source-restoration/htk7ADBGgMdoyiK2inI/wki1dRBBTGa2CXII175.cs","308"
"plugin-core","MyFccClient","OnConnecting","Close","this.Close()","plugin-source/v10-source-restoration/MyFccClient.cs","19"
"plugin-core","MyGdTcpClient","Close","Close","base.Close(await, millisecondsTimeout)","plugin-source/v10-source-restoration/MyGdTcpClient.cs","298"
"plugin-core","MyNATService","OnConnected","Close","CS_0024_003C_003E8__locals13.Bf89tPokyw.Close()","plugin-source/v10-source-restoration/MyNATService.cs","49"
"plugin-core","MyNATService","OnConnected","Close","CS_0024_003C_003E8__locals13.Bf89tPokyw.Close()","plugin-source/v10-source-restoration/MyNATService.cs","54"
"plugin-core","MyNATService","OnConnected","Close","CS_0024_003C_003E8__locals13.Bf89tPokyw.Close()","plugin-source/v10-source-restoration/MyNATService.cs","64"
"plugin-core","MyNATService","OnConnected","Close","CS_0024_003C_003E8__locals13.Bf89tPokyw.Close()","plugin-source/v10-source-restoration/MyNATService.cs","116"
"plugin-core","MyNATService","OnDisconnected","Close","value.Close()","plugin-source/v10-source-restoration/MyNATService.cs","139"
"plugin-core","MyNATService","OnTargetClientDisconnected","Close","value.Close()","plugin-source/v10-source-restoration/MyNATService.cs","169"
"plugin-core","y24fbEG8KTuMIdiCbG1.OmF9SPGlN77YLFkkoqN","IqKGBZSJD3","Close","P_0.user.存档数据.妖族化形数据.Close()","plugin-source/v10-source-restoration/y24fbEG8KTuMIdiCbG1/OmF9SPGlN77YLFkkoqN.cs","171"
"plugin-core","接收数据响应处理类","接收_预读基本数据","Close","CS_0024_003C_003E8__locals67.HJVyFR6pbr.Close()","plugin-source/v10-source-restoration/接收数据响应处理类.cs","835"
"plugin-core","接收数据响应处理类","pTy2dHvHBD","Close","CS_0024_003C_003E8__locals77.hl2yS0Ml0M.user.存档数据.妖族化形数据.Close()","plugin-source/v10-source-restoration/接收数据响应处理类.cs","1010"
"plugin-core","请求数据响应处理类","请求处理中心","Close","CS_0024_003C_003E8__locals239.bhPynindCs.Close()","plugin-source/v10-source-restoration/请求数据响应处理类.cs","152"
"plugin-core","请求数据响应处理类","请求处理中心","Close","CS_0024_003C_003E8__locals239.bhPynindCs.Close()","plugin-source/v10-source-restoration/请求数据响应处理类.cs","206"
"plugin-core","请求数据响应处理类","Oje2fb3qO6","Close","P_0.Close()","plugin-source/v10-source-restoration/请求数据响应处理类.cs","1034"
"plugin-core","请求数据响应处理类","Oje2fb3qO6","Close","P_0.Close()","plugin-source/v10-source-restoration/请求数据响应处理类.cs","1040"
"plugin-core","请求数据响应处理类","Oje2fb3qO6","Close","P_0.Close()","plugin-source/v10-source-restoration/请求数据响应处理类.cs","1046"
"admin","NetClientFrom.元神_境界列表配置窗口","境界列表确定按钮_Click","Close","Close()","admin-source/current/NetClientFrom/元神_境界列表配置窗口.cs","690"
