"Project","FormType","Method","Parameters","File","Line"
"admin","NetClientFrom.BOSS挑战配置窗口","BOSS挑战配置窗口_Load","object sender; EventArgs e","admin-source/current/NetClientFrom/BOSS挑战配置窗口.cs","226"
"admin","NetClientFrom.BOSS挑战配置窗口","修改_掉落奖励类型_SelectedIndexChanged","object sender; EventArgs e","admin-source/current/NetClientFrom/BOSS挑战配置窗口.cs","253"
"admin","NetClientFrom.BOSS挑战配置窗口","修改事件回调","object sender; EventArgs e","admin-source/current/NetClientFrom/BOSS挑战配置窗口.cs","268"
"admin","NetClientFrom.BOSS挑战配置窗口","确定修改事件回调","object sender; EventArgs e","admin-source/current/NetClientFrom/BOSS挑战配置窗口.cs","329"
"admin","NetClientFrom.BOSS挑战配置窗口","删除事件回调","object sender; EventArgs e","admin-source/current/NetClientFrom/BOSS挑战配置窗口.cs","421"
"admin","NetClientFrom.BOSS挑战配置窗口","修改_删除事件回调","object sender; EventArgs e","admin-source/current/NetClientFrom/BOSS挑战配置窗口.cs","440"
"admin","NetClientFrom.BOSS挑战配置窗口","超级boss_保存按钮_Click","object sender; EventArgs e","admin-source/current/NetClientFrom/BOSS挑战配置窗口.cs","519"
"admin","NetClientFrom.BOSS挑战配置窗口","超级boss_重载按钮_Click","object sender; EventArgs e","admin-source/current/NetClientFrom/BOSS挑战配置窗口.cs","525"
"admin","NetClientFrom.BOSS挑战配置窗口","超级boss_打开新增窗口按钮_Click","object sender; EventArgs e","admin-source/current/NetClientFrom/BOSS挑战配置窗口.cs","530"
"admin","NetClientFrom.BOSS挑战配置窗口","修改_添加掉落奖励按钮_Click","object sender; EventArgs e","admin-source/current/NetClientFrom/BOSS挑战配置窗口.cs","639"
"admin","NetClientFrom.元神_境界列表配置窗口","元神_境界列表配置窗口_Load","object sender; EventArgs e","admin-source/current/NetClientFrom/元神_境界列表配置窗口.cs","434"
"admin","NetClientFrom.元神_境界列表配置窗口","渡劫前置要求_CheckedChanged","object sender; EventArgs e","admin-source/current/NetClientFrom/元神_境界列表配置窗口.cs","455"
"admin","NetClientFrom.元神_境界列表配置窗口","渡劫额外要求配置块取消_Click","object sender; EventArgs e","admin-source/current/NetClientFrom/元神_境界列表配置窗口.cs","478"
"admin","NetClientFrom.元神_境界列表配置窗口","渡劫额外要求配置块确定_Click","object sender; EventArgs e","admin-source/current/NetClientFrom/元神_境界列表配置窗口.cs","487"
"admin","NetClientFrom.元神_境界列表配置窗口","增加突破几率道具_CheckedChanged","object sender; EventArgs e","admin-source/current/NetClientFrom/元神_境界列表配置窗口.cs","504"
"admin","NetClientFrom.元神_境界列表配置窗口","增加突破几率道具配置块取消_Click","object sender; EventArgs e","admin-source/current/NetClientFrom/元神_境界列表配置窗口.cs","527"
"admin","NetClientFrom.元神_境界列表配置窗口","增加突破几率道具配置块确定_Click","object sender; EventArgs e","admin-source/current/NetClientFrom/元神_境界列表配置窗口.cs","536"
"admin","NetClientFrom.元神_境界列表配置窗口","破境成功属性加成_CheckedChanged","object sender; EventArgs e","admin-source/current/NetClientFrom/元神_境界列表配置窗口.cs","556"
"admin","NetClientFrom.元神_境界列表配置窗口","破境成功属性加成配置块取消_Click","object sender; EventArgs e","admin-source/current/NetClientFrom/元神_境界列表配置窗口.cs","581"
"admin","NetClientFrom.元神_境界列表配置窗口","破境成功属性加成配置块确定_Click","object sender; EventArgs e","admin-source/current/NetClientFrom/元神_境界列表配置窗口.cs","590"
"admin","NetClientFrom.元神_境界列表配置窗口","全服首次破境奖励_CheckedChanged","object sender; EventArgs e","admin-source/current/NetClientFrom/元神_境界列表配置窗口.cs","611"
"admin","NetClientFrom.元神_境界列表配置窗口","全服首次破境奖励配置块取消_Click","object sender; EventArgs e","admin-source/current/NetClientFrom/元神_境界列表配置窗口.cs","634"
"admin","NetClientFrom.元神_境界列表配置窗口","全服首次破境奖励配置块确定_Click","object sender; EventArgs e","admin-source/current/NetClientFrom/元神_境界列表配置窗口.cs","643"
"admin","NetClientFrom.元神_境界列表配置窗口","境界列表确定按钮_Click","object sender; EventArgs e","admin-source/current/NetClientFrom/元神_境界列表配置窗口.cs","677"
"admin","NetClientFrom.六道轮回配置窗口","六道轮回配置窗口_Load","object sender; EventArgs e","admin-source/current/NetClientFrom/六道轮回配置窗口.cs","201"
"admin","NetClientFrom.六道轮回配置窗口","六道轮回_保存按钮_Click","object sender; EventArgs e","admin-source/current/NetClientFrom/六道轮回配置窗口.cs","218"
"admin","NetClientFrom.六道轮回配置窗口","六道轮回_重载按钮_Click","object sender; EventArgs e","admin-source/current/NetClientFrom/六道轮回配置窗口.cs","227"
"admin","NetClientFrom.六道轮回配置窗口","人道_结束消耗_TextChanged","object sender; EventArgs e","admin-source/current/NetClientFrom/六道轮回配置窗口.cs","390"
"admin","NetClientFrom.南极抽奖配置窗口","南极抽奖配置窗口_Load","object sender; EventArgs e","admin-source/current/NetClientFrom/南极抽奖配置窗口.cs","118"
"admin","NetClientFrom.南极抽奖配置窗口","删除事件回调","object sender; EventArgs e","admin-source/current/NetClientFrom/南极抽奖配置窗口.cs","127"
"admin","NetClientFrom.南极抽奖配置窗口","南极抽奖_添加按钮_Click","object sender; EventArgs e","admin-source/current/NetClientFrom/南极抽奖配置窗口.cs","192"
"admin","NetClientFrom.南极抽奖配置窗口","南极抽奖_保存按钮_Click","object sender; EventArgs e","admin-source/current/NetClientFrom/南极抽奖配置窗口.cs","225"
"admin","NetClientFrom.南极抽奖配置窗口","南极抽奖_重载按钮_Click","object sender; EventArgs e","admin-source/current/NetClientFrom/南极抽奖配置窗口.cs","234"
"admin","NetClientFrom.召唤精怪配置窗口","召唤精怪配置窗口_Load","object sender; EventArgs e","admin-source/current/NetClientFrom/召唤精怪配置窗口.cs","210"
"admin","NetClientFrom.召唤精怪配置窗口","珊瑚删除事件回调","object sender; EventArgs e","admin-source/current/NetClientFrom/召唤精怪配置窗口.cs","230"
"admin","NetClientFrom.召唤精怪配置窗口","还阳露删除事件回调","object sender; EventArgs e","admin-source/current/NetClientFrom/召唤精怪配置窗口.cs","242"
"admin","NetClientFrom.召唤精怪配置窗口","醉仙酒删除事件回调","object sender; EventArgs e","admin-source/current/NetClientFrom/召唤精怪配置窗口.cs","254"
"admin","NetClientFrom.召唤精怪配置窗口","五彩香删除事件回调","object sender; EventArgs e","admin-source/current/NetClientFrom/召唤精怪配置窗口.cs","266"
"admin","NetClientFrom.召唤精怪配置窗口","仙露草删除事件回调","object sender; EventArgs e","admin-source/current/NetClientFrom/召唤精怪配置窗口.cs","278"
"admin","NetClientFrom.召唤精怪配置窗口","百草集删除事件回调","object sender; EventArgs e","admin-source/current/NetClientFrom/召唤精怪配置窗口.cs","290"
"admin","NetClientFrom.召唤精怪配置窗口","凝香草删除事件回调","object sender; EventArgs e","admin-source/current/NetClientFrom/召唤精怪配置窗口.cs","302"
"admin","NetClientFrom.召唤精怪配置窗口","醒狮丹删除事件回调","object sender; EventArgs e","admin-source/current/NetClientFrom/召唤精怪配置窗口.cs","314"
"admin","NetClientFrom.召唤精怪配置窗口","鱼仙饵删除事件回调","object sender; EventArgs e","admin-source/current/NetClientFrom/召唤精怪配置窗口.cs","326"
"admin","NetClientFrom.召唤精怪配置窗口","猿兽丹删除事件回调","object sender; EventArgs e","admin-source/current/NetClientFrom/召唤精怪配置窗口.cs","338"
"admin","NetClientFrom.召唤精怪配置窗口","菩提子删除事件回调","object sender; EventArgs e","admin-source/current/NetClientFrom/召唤精怪配置窗口.cs","350"
"admin","NetClientFrom.召唤精怪配置窗口","御仙饮删除事件回调","object sender; EventArgs e","admin-source/current/NetClientFrom/召唤精怪配置窗口.cs","362"
"admin","NetClientFrom.召唤精怪配置窗口","抓精怪_保存按钮_Click","object sender; EventArgs e","admin-source/current/NetClientFrom/召唤精怪配置窗口.cs","971"
"admin","NetClientFrom.召唤精怪配置窗口","抓精怪_重载按钮_Click","object sender; EventArgs e","admin-source/current/NetClientFrom/召唤精怪配置窗口.cs","980"
"admin","NetClientFrom.后台主页界面","功能列表_泡点配置按钮_Click","object sender; EventArgs e","admin-source/current/NetClientFrom/后台主页界面.cs","4189"
"admin","NetClientFrom.后台主页界面","功能列表_道具宠物回收按钮_Click","object sender; EventArgs e","admin-source/current/NetClientFrom/后台主页界面.cs","4194"
"admin","NetClientFrom.后台主页界面","功能列表_喊话聊天按钮_Click","object sender; EventArgs e","admin-source/current/NetClientFrom/后台主页界面.cs","4199"
"admin","NetClientFrom.后台主页界面","功能列表_燃煤同源转门派按钮_Click","object sender; EventArgs e","admin-source/current/NetClientFrom/后台主页界面.cs","4204"
"admin","NetClientFrom.后台主页界面","功能列表_时装坐姿染色按钮_Click","object sender; EventArgs e","admin-source/current/NetClientFrom/后台主页界面.cs","4209"
"admin","NetClientFrom.后台主页界面","功能列表_自选礼包按钮_Click","object sender; EventArgs e","admin-source/current/NetClientFrom/后台主页界面.cs","4214"
"admin","NetClientFrom.后台主页界面","功能列表_宠物绑定按钮_Click","object sender; EventArgs e","admin-source/current/NetClientFrom/后台主页界面.cs","4219"
"admin","NetClientFrom.后台主页界面","功能列表_大飞共生双属性按钮_Click","object sender; EventArgs e","admin-source/current/NetClientFrom/后台主页界面.cs","4224"
"admin","NetClientFrom.后台主页界面","功能列表_礼包开元宝按钮_Click","object sender; EventArgs e","admin-source/current/NetClientFrom/后台主页界面.cs","4229"
"admin","NetClientFrom.后台主页界面","功能列表_自定义邮箱按钮_Click","object sender; EventArgs e","admin-source/current/NetClientFrom/后台主页界面.cs","4234"
"admin","NetClientFrom.后台主页界面","功能列表_超级坐骑按钮_Click","object sender; EventArgs e","admin-source/current/NetClientFrom/后台主页界面.cs","4239"
"admin","NetClientFrom.后台主页界面","功能列表_超级地图按钮_Click","object sender; EventArgs e","admin-source/current/NetClientFrom/后台主页界面.cs","4244"
"admin","NetClientFrom.后台主页界面","功能列表_超级npc按钮_Click","object sender; EventArgs e","admin-source/current/NetClientFrom/后台主页界面.cs","4249"
"admin","NetClientFrom.后台主页界面","功能列表_超级道具按钮_Click","object sender; EventArgs e","admin-source/current/NetClientFrom/后台主页界面.cs","4254"
"admin","NetClientFrom.后台主页界面","功能列表_boss挑战按钮_Click","object sender; EventArgs e","admin-source/current/NetClientFrom/后台主页界面.cs","4259"
"admin","NetClientFrom.后台主页界面","功能列表_商城限购按钮_Click","object sender; EventArgs e","admin-source/current/NetClientFrom/后台主页界面.cs","4264"
"admin","NetClientFrom.后台主页界面","功能列表_南极抽奖按钮_Click","object sender; EventArgs e","admin-source/current/NetClientFrom/后台主页界面.cs","4269"
"admin","NetClientFrom.后台主页界面","功能列表_累充返利按钮_Click","object sender; EventArgs e","admin-source/current/NetClientFrom/后台主页界面.cs","4274"
"admin","NetClientFrom.后台主页界面","功能列表_特权会员按钮_Click","object sender; EventArgs e","admin-source/current/NetClientFrom/后台主页界面.cs","4279"
"admin","NetClientFrom.后台主页界面","功能列表_六道轮回按钮_Click","object sender; EventArgs e","admin-source/current/NetClientFrom/后台主页界面.cs","4284"
"admin","NetClientFrom.后台主页界面","功能列表_异兽录按钮_Click","object sender; EventArgs e","admin-source/current/NetClientFrom/后台主页界面.cs","4289"
"admin","NetClientFrom.后台主页界面","功能列表_属性洗炼按钮_Click","object sender; EventArgs e","admin-source/current/NetClientFrom/后台主页界面.cs","4294"
"admin","NetClientFrom.后台主页界面","功能列表_宠物召唤按钮_Click","object sender; EventArgs e","admin-source/current/NetClientFrom/后台主页界面.cs","4299"
"admin","NetClientFrom.后台主页界面","功能列表_无双争夺战按钮_Click","object sender; EventArgs e","admin-source/current/NetClientFrom/后台主页界面.cs","4304"
"admin","NetClientFrom.后台主页界面","功能列表_通天塔突破按钮_Click","object sender; EventArgs e","admin-source/current/NetClientFrom/后台主页界面.cs","4309"
"admin","NetClientFrom.后台主页界面","功能列表_百炼合成按钮_Click","object sender; EventArgs e","admin-source/current/NetClientFrom/后台主页界面.cs","4314"
"admin","NetClientFrom.后台主页界面","功能列表_浮生录按钮_Click","object sender; EventArgs e","admin-source/current/NetClientFrom/后台主页界面.cs","4319"
"admin","NetClientFrom.后台主页界面","功能列表_等级道行限制按钮_Click","object sender; EventArgs e","admin-source/current/NetClientFrom/后台主页界面.cs","4324"
"admin","NetClientFrom.后台主页界面","功能列表_推荐拉人按钮_Click","object sender; EventArgs e","admin-source/current/NetClientFrom/后台主页界面.cs","4329"
"admin","NetClientFrom.后台主页界面","功能列表_活跃度奖励按钮_Click","object sender; EventArgs e","admin-source/current/NetClientFrom/后台主页界面.cs","4334"
"admin","NetClientFrom.后台主页界面","功能列表_道行达标奖励按钮_Click","object sender; EventArgs e","admin-source/current/NetClientFrom/后台主页界面.cs","4339"
"admin","NetClientFrom.后台主页界面","功能列表_签到系统按钮_Click","object sender; EventArgs e","admin-source/current/NetClientFrom/后台主页界面.cs","4344"
"admin","NetClientFrom.后台主页界面","功能列表_盲盒道具按钮_Click","object sender; EventArgs e","admin-source/current/NetClientFrom/后台主页界面.cs","4349"
"admin","NetClientFrom.后台主页界面","功能列表_在线抽奖按钮_Click","object sender; EventArgs e","admin-source/current/NetClientFrom/后台主页界面.cs","4354"
"admin","NetClientFrom.后台主页界面","功能列表_试道按钮_Click","object sender; EventArgs e","admin-source/current/NetClientFrom/后台主页界面.cs","4359"
"admin","NetClientFrom.后台主页界面","功能列表_守护按钮_Click","object sender; EventArgs e","admin-source/current/NetClientFrom/后台主页界面.cs","4364"
"admin","NetClientFrom.后台主页界面","后台主页界面_FormClosed","object sender; FormClosedEventArgs e","admin-source/current/NetClientFrom/后台主页界面.cs","4369"
"admin","NetClientFrom.后台主页界面","后台主页界面_Load","object sender; EventArgs e","admin-source/current/NetClientFrom/后台主页界面.cs","4382"
"admin","NetClientFrom.后台主页界面","道具图标保存按钮_Click","object sender; EventArgs e","admin-source/current/NetClientFrom/后台主页界面.cs","4714"
"admin","NetClientFrom.后台主页界面","boxDragEnter","object sender; DragEventArgs e; string 文件名字","admin-source/current/NetClientFrom/后台主页界面.cs","4848"
"admin","NetClientFrom.后台主页界面","boxDragDrop","object sender; DragEventArgs e; string 文件名字; int 图标位置; int 叠加位置","admin-source/current/NetClientFrom/后台主页界面.cs","4873"
"admin","NetClientFrom.后台主页界面","更新数据库防御按钮_Click","object sender; EventArgs e","admin-source/current/NetClientFrom/后台主页界面.cs","4961"
"admin","NetClientFrom.后台主页界面","基础_重载配置按钮_Click","object sender; EventArgs e","admin-source/current/NetClientFrom/后台主页界面.cs","5269"
"admin","NetClientFrom.后台主页界面","基础_保存配置按钮_Click","object sender; EventArgs e","admin-source/current/NetClientFrom/后台主页界面.cs","5277"
"admin","NetClientFrom.后台主页界面","基础_放开端口按钮_Click","object sender; EventArgs e","admin-source/current/NetClientFrom/后台主页界面.cs","5287"
"admin","NetClientFrom.后台主页界面","基础_启动服务端按钮_Click","object sender; EventArgs e","admin-source/current/NetClientFrom/后台主页界面.cs","5305"
"admin","NetClientFrom.后台主页界面","基础_续费按钮_Click","object sender; EventArgs e","admin-source/current/NetClientFrom/后台主页界面.cs","5349"
"admin","NetClientFrom.后台主页界面","角色监控_刷新按钮_Click","object sender; EventArgs e","admin-source/current/NetClientFrom/后台主页界面.cs","5357"
"admin","NetClientFrom.后台主页界面","角色监控_强制下线按钮_Click","object sender; EventArgs e","admin-source/current/NetClientFrom/后台主页界面.cs","5438"
"admin","NetClientFrom.后台主页界面","角色监控_查询按钮_Click","object sender; EventArgs e","admin-source/current/NetClientFrom/后台主页界面.cs","5456"
"admin","NetClientFrom.后台主页界面","发送_点卡按钮_Click","object sender; EventArgs e","admin-source/current/NetClientFrom/后台主页界面.cs","5465"
"admin","NetClientFrom.后台主页界面","在线发货_刷新按钮_Click","object sender; EventArgs e","admin-source/current/NetClientFrom/后台主页界面.cs","5498"
"admin","NetClientFrom.后台主页界面","在线发货_角色列表_TextUpdate","object sender; EventArgs e","admin-source/current/NetClientFrom/后台主页界面.cs","5508"
"admin","NetClientFrom.后台主页界面","昵称搜索按钮_Click","object sender; EventArgs e","admin-source/current/NetClientFrom/后台主页界面.cs","5538"
"admin","NetClientFrom.后台主页界面","在线发货_确定发送按钮_Click","object sender; EventArgs e","admin-source/current/NetClientFrom/后台主页界面.cs","5555"
"admin","NetClientFrom.后台主页界面","在线发货_发送类型_SelectedIndexChanged","object sender; EventArgs e","admin-source/current/NetClientFrom/后台主页界面.cs","5616"
"admin","NetClientFrom.后台主页界面","在线发货_确定发送洗炼按钮_Click","object sender; EventArgs e","admin-source/current/NetClientFrom/后台主页界面.cs","5624"
"admin","NetClientFrom.后台主页界面","cdk删除事件回调","object sender; EventArgs e","admin-source/current/NetClientFrom/后台主页界面.cs","5652"
"admin","NetClientFrom.后台主页界面","cdk删除全部事件回调","object sender; EventArgs e","admin-source/current/NetClientFrom/后台主页界面.cs","5675"
"admin","NetClientFrom.后台主页界面","cdk兑换_生成cdk按钮_Click","object sender; EventArgs e","admin-source/current/NetClientFrom/后台主页界面.cs","5687"
"admin","NetClientFrom.后台主页界面","cdk兑换_查询按钮_Click","object sender; EventArgs e","admin-source/current/NetClientFrom/后台主页界面.cs","5731"
"admin","NetClientFrom.后台主页界面","CDK_刷新列表按钮_Click","object sender; EventArgs e","admin-source/current/NetClientFrom/后台主页界面.cs","5772"
"admin","NetClientFrom.后台主页界面","cdk兑换_生成类型_SelectedIndexChanged","object sender; EventArgs e","admin-source/current/NetClientFrom/后台主页界面.cs","5867"
"admin","NetClientFrom.后台主页界面","网关_保存网关配置按钮_Click","object sender; EventArgs e","admin-source/current/NetClientFrom/后台主页界面.cs","5950"
"admin","NetClientFrom.后台主页界面","网关_重载网关配置按钮_Click","object sender; EventArgs e","admin-source/current/NetClientFrom/后台主页界面.cs","6020"
"admin","NetClientFrom.后台主页界面","网关_启动网关按钮_Click","object sender; EventArgs e","admin-source/current/NetClientFrom/后台主页界面.cs","6028"
"admin","NetClientFrom.后台主页界面","网关_关闭网关按钮_Click","object sender; EventArgs e","admin-source/current/NetClientFrom/后台主页界面.cs","6041"
"admin","NetClientFrom.后台主页界面","个人发送事件处理","object sender; EventArgs e","admin-source/current/NetClientFrom/后台主页界面.cs","6088"
"admin","NetClientFrom.后台主页界面","黑名单_保存按钮_Click","object sender; EventArgs e","admin-source/current/NetClientFrom/后台主页界面.cs","6235"
"admin","NetClientFrom.后台主页界面","黑名单_重载按钮_Click","object sender; EventArgs e","admin-source/current/NetClientFrom/后台主页界面.cs","6247"
"admin","NetClientFrom.后台主页界面","GM_注册按钮_Click","object sender; EventArgs e","admin-source/current/NetClientFrom/后台主页界面.cs","6255"
"admin","NetClientFrom.后台主页界面","奇宝修改事件回调","object sender; EventArgs e","admin-source/current/NetClientFrom/后台主页界面.cs","6371"
"admin","NetClientFrom.后台主页界面","奇宝确定修改事件回调","object sender; EventArgs e","admin-source/current/NetClientFrom/后台主页界面.cs","6392"
"admin","NetClientFrom.后台主页界面","奇宝删除事件回调","object sender; EventArgs e","admin-source/current/NetClientFrom/后台主页界面.cs","6426"
"admin","NetClientFrom.后台主页界面","奇宝_添加商品按钮_Click","object sender; EventArgs e","admin-source/current/NetClientFrom/后台主页界面.cs","6469"
"admin","NetClientFrom.后台主页界面","奇宝_重载配置按钮_Click","object sender; EventArgs e","admin-source/current/NetClientFrom/后台主页界面.cs","6489"
"admin","NetClientFrom.后台主页界面","奇宝_保存配置按钮_Click","object sender; EventArgs e","admin-source/current/NetClientFrom/后台主页界面.cs","6494"
"admin","NetClientFrom.后台主页界面","奇宝_刷新记录_Click","object sender; EventArgs e","admin-source/current/NetClientFrom/后台主页界面.cs","6523"
"admin","NetClientFrom.后台主页界面","封包发送按钮_Click","object sender; EventArgs e","admin-source/current/NetClientFrom/后台主页界面.cs","6533"
"admin","NetClientFrom.后台主页界面","妖族_保存按钮_Click","object sender; EventArgs e","admin-source/current/NetClientFrom/后台主页界面.cs","6551"
"admin","NetClientFrom.后台主页界面","妖族_重载按钮_Click","object sender; EventArgs e","admin-source/current/NetClientFrom/后台主页界面.cs","6562"
"admin","NetClientFrom.后台主页界面","登录_确定_Click","object sender; EventArgs e","admin-source/current/NetClientFrom/后台主页界面.cs","6567"
"admin","NetClientFrom.后台主页界面","全局多倍按钮_Click","object sender; EventArgs e","admin-source/current/NetClientFrom/后台主页界面.cs","7002"
"admin","NetClientFrom.后台主页界面","怀旧_保存按钮_Click","object sender; EventArgs e","admin-source/current/NetClientFrom/后台主页界面.cs","7037"
"admin","NetClientFrom.后台主页界面","怀旧_重载按钮_Click","object sender; EventArgs e","admin-source/current/NetClientFrom/后台主页界面.cs","7042"
"admin","NetClientFrom.后台主页界面","首饰系统_保存按钮_Click","object sender; EventArgs e","admin-source/current/NetClientFrom/后台主页界面.cs","7074"
"admin","NetClientFrom.后台主页界面","首饰系统_重载按钮_Click","object sender; EventArgs e","admin-source/current/NetClientFrom/后台主页界面.cs","7100"
"admin","NetClientFrom.后台主页界面","发包按钮_Click","object sender; EventArgs e","admin-source/current/NetClientFrom/后台主页界面.cs","7105"
"admin","NetClientFrom.后台主页界面","融丹_保存按钮_Click","object sender; EventArgs e","admin-source/current/NetClientFrom/后台主页界面.cs","7205"
"admin","NetClientFrom.后台主页界面","融丹_重载按钮_Click","object sender; EventArgs e","admin-source/current/NetClientFrom/后台主页界面.cs","7318"
"admin","NetClientFrom.后台主页界面","融丹_添加按钮_Click","object sender; EventArgs e","admin-source/current/NetClientFrom/后台主页界面.cs","7323"
"admin","NetClientFrom.后台主页界面","融丹_添加类型_SelectedIndexChanged","object sender; EventArgs e","admin-source/current/NetClientFrom/后台主页界面.cs","7366"
"admin","NetClientFrom.后台主页界面","融丹修改事件回调","object sender; EventArgs e","admin-source/current/NetClientFrom/后台主页界面.cs","7378"
"admin","NetClientFrom.后台主页界面","融丹确定修改事件回调","object sender; EventArgs e","admin-source/current/NetClientFrom/后台主页界面.cs","7401"
"admin","NetClientFrom.后台主页界面","融丹删除事件回调","object sender; EventArgs e","admin-source/current/NetClientFrom/后台主页界面.cs","7434"
"admin","NetClientFrom.后台主页界面","融丹_清空按钮_Click","object sender; EventArgs e","admin-source/current/NetClientFrom/后台主页界面.cs","7447"
"admin","NetClientFrom.后台主页界面","宠物系统保存按钮_Click","object sender; EventArgs e","admin-source/current/NetClientFrom/后台主页界面.cs","7489"
"admin","NetClientFrom.后台主页界面","宠物系统重载按钮_Click","object sender; EventArgs e","admin-source/current/NetClientFrom/后台主页界面.cs","7526"
"admin","NetClientFrom.后台主页界面","扩展宠物_保存按钮_Click","object sender; EventArgs e","admin-source/current/NetClientFrom/后台主页界面.cs","7547"
"admin","NetClientFrom.后台主页界面","扩展宠物_重载按钮_Click","object sender; EventArgs e","admin-source/current/NetClientFrom/后台主页界面.cs","7561"
"admin","NetClientFrom.后台主页界面","宠物转生_保存按钮_Click","object sender; EventArgs e","admin-source/current/NetClientFrom/后台主页界面.cs","7600"
"admin","NetClientFrom.后台主页界面","宠物转生_重载按钮_Click","object sender; EventArgs e","admin-source/current/NetClientFrom/后台主页界面.cs","7646"
"admin","NetClientFrom.后台主页界面","宠物转生_转生次数_ValueChanged","object sender; EventArgs e","admin-source/current/NetClientFrom/后台主页界面.cs","7651"
"admin","NetClientFrom.后台主页界面","装备_保存按钮_Click","object sender; EventArgs e","admin-source/current/NetClientFrom/后台主页界面.cs","7687"
"admin","NetClientFrom.后台主页界面","装备_重载按钮_Click","object sender; EventArgs e","admin-source/current/NetClientFrom/后台主页界面.cs","7700"
"admin","NetClientFrom.后台主页界面","掉落扩展_吞天_删除事件回调","object sender; EventArgs e","admin-source/current/NetClientFrom/后台主页界面.cs","7705"
"admin","NetClientFrom.后台主页界面","掉落扩展_噬地_删除事件回调","object sender; EventArgs e","admin-source/current/NetClientFrom/后台主页界面.cs","7717"
"admin","NetClientFrom.后台主页界面","掉落扩展_傀儡王_删除事件回调","object sender; EventArgs e","admin-source/current/NetClientFrom/后台主页界面.cs","7729"
"admin","NetClientFrom.后台主页界面","掉落扩展_世界_删除事件回调","object sender; EventArgs e","admin-source/current/NetClientFrom/后台主页界面.cs","7741"
"admin","NetClientFrom.后台主页界面","扩展掉落_保存按钮_Click","object sender; EventArgs e","admin-source/current/NetClientFrom/后台主页界面.cs","7875"
"admin","NetClientFrom.后台主页界面","扩展掉落_重载按钮_Click","object sender; EventArgs e","admin-source/current/NetClientFrom/后台主页界面.cs","7881"
"admin","NetClientFrom.后台主页界面","掉落扩展_add_添加按钮_Click","object sender; EventArgs e","admin-source/current/NetClientFrom/后台主页界面.cs","7886"
"admin","NetClientFrom.后台主页界面","掉落扩展_选择_类型_SelectedIndexChanged","object sender; EventArgs e","admin-source/current/NetClientFrom/后台主页界面.cs","7920"
"admin","NetClientFrom.后台主页界面","掉落扩展_add_类型_SelectedIndexChanged","object sender; EventArgs e","admin-source/current/NetClientFrom/后台主页界面.cs","7924"
"admin","NetClientFrom.后台主页界面","文本轮播定时器_Tick","object sender; EventArgs e","admin-source/current/NetClientFrom/后台主页界面.cs","7939"
"admin","NetClientFrom.后台主页界面","地府修改_删除事件回调","object sender; EventArgs e","admin-source/current/NetClientFrom/后台主页界面.cs","7967"
"admin","NetClientFrom.后台主页界面","地府_保存按钮_Click","object sender; EventArgs e","admin-source/current/NetClientFrom/后台主页界面.cs","7979"
"admin","NetClientFrom.后台主页界面","地府_重载按钮_Click","object sender; EventArgs e","admin-source/current/NetClientFrom/后台主页界面.cs","8011"
"admin","NetClientFrom.后台主页界面","首饰系统_CellMouseEnter","object sender; DataGridViewCellEventArgs e","admin-source/current/NetClientFrom/后台主页界面.cs","8046"
"admin","NetClientFrom.后台主页界面","装备精炼_CellMouseEnter","object sender; DataGridViewCellEventArgs e","admin-source/current/NetClientFrom/后台主页界面.cs","8082"
"admin","NetClientFrom.后台主页界面","精炼_保存按钮_Click","object sender; EventArgs e","admin-source/current/NetClientFrom/后台主页界面.cs","8150"
"admin","NetClientFrom.后台主页界面","精炼_重载按钮_Click","object sender; EventArgs e","admin-source/current/NetClientFrom/后台主页界面.cs","8221"
"admin","NetClientFrom.后台主页界面","基础_保存日志按钮_Click","object sender; EventArgs e","admin-source/current/NetClientFrom/后台主页界面.cs","8226"
"admin","NetClientFrom.后台主页界面","分解系统_删除事件回调","object sender; EventArgs e","admin-source/current/NetClientFrom/后台主页界面.cs","8231"
"admin","NetClientFrom.后台主页界面","分解_保存按钮_Click","object sender; EventArgs e","admin-source/current/NetClientFrom/后台主页界面.cs","8258"
"admin","NetClientFrom.后台主页界面","分解_重载按钮_Click","object sender; EventArgs e","admin-source/current/NetClientFrom/后台主页界面.cs","8286"
"admin","NetClientFrom.后台主页界面","飘屏_保存按钮_Click","object sender; EventArgs e","admin-source/current/NetClientFrom/后台主页界面.cs","8304"
"admin","NetClientFrom.后台主页界面","飘屏_重载按钮_Click","object sender; EventArgs e","admin-source/current/NetClientFrom/后台主页界面.cs","8319"
"admin","NetClientFrom.后台主页界面","特效_保存按钮_Click","object sender; EventArgs e","admin-source/current/NetClientFrom/后台主页界面.cs","8377"
"admin","NetClientFrom.后台主页界面","特效_重载按钮_Click","object sender; EventArgs e","admin-source/current/NetClientFrom/后台主页界面.cs","8383"
"admin","NetClientFrom.后台主页界面","进化_保存按钮_Click","object sender; EventArgs e","admin-source/current/NetClientFrom/后台主页界面.cs","8444"
"admin","NetClientFrom.后台主页界面","进化_重载按钮_Click","object sender; EventArgs e","admin-source/current/NetClientFrom/后台主页界面.cs","8450"
"admin","NetClientFrom.后台主页界面","摆摊_保存按钮_Click","object sender; EventArgs e","admin-source/current/NetClientFrom/后台主页界面.cs","8464"
"admin","NetClientFrom.后台主页界面","摆摊_重载按钮_Click","object sender; EventArgs e","admin-source/current/NetClientFrom/后台主页界面.cs","8474"
"admin","NetClientFrom.后台主页界面","智能_保存按钮_Click","object sender; EventArgs e","admin-source/current/NetClientFrom/后台主页界面.cs","8573"
"admin","NetClientFrom.后台主页界面","智能_重载按钮_Click","object sender; EventArgs e","admin-source/current/NetClientFrom/后台主页界面.cs","8579"
"admin","NetClientFrom.后台主页界面","神算_保存按钮_Click","object sender; EventArgs e","admin-source/current/NetClientFrom/后台主页界面.cs","8668"
"admin","NetClientFrom.后台主页界面","神算_重载按钮_Click","object sender; EventArgs e","admin-source/current/NetClientFrom/后台主页界面.cs","8674"
"admin","NetClientFrom.后台主页界面","神算_清除按钮_Click","object sender; EventArgs e","admin-source/current/NetClientFrom/后台主页界面.cs","8679"
"admin","NetClientFrom.后台主页界面","神算删除事件回调","object sender; EventArgs e","admin-source/current/NetClientFrom/后台主页界面.cs","8688"
"admin","NetClientFrom.后台主页界面","神算置顶事件回调","object sender; EventArgs e","admin-source/current/NetClientFrom/后台主页界面.cs","8700"
"admin","NetClientFrom.后台主页界面","神算下移事件回调","object sender; EventArgs e","admin-source/current/NetClientFrom/后台主页界面.cs","8715"
"admin","NetClientFrom.后台主页界面","神算上移事件回调","object sender; EventArgs e","admin-source/current/NetClientFrom/后台主页界面.cs","8731"
"admin","NetClientFrom.后台主页界面","合区_连接按钮_Click","object sender; EventArgs e","admin-source/current/NetClientFrom/后台主页界面.cs","8747"
"admin","NetClientFrom.后台主页界面","合区_读取按钮_Click","object sender; EventArgs e","admin-source/current/NetClientFrom/后台主页界面.cs","8757"
"admin","NetClientFrom.后台主页界面","合区_合批按钮_Click","object sender; EventArgs e","admin-source/current/NetClientFrom/后台主页界面.cs","8762"
"admin","NetClientFrom.后台主页界面","娃娃_保存按钮_Click","object sender; EventArgs e","admin-source/current/NetClientFrom/后台主页界面.cs","8819"
"admin","NetClientFrom.后台主页界面","娃娃_重载按钮_Click","object sender; EventArgs e","admin-source/current/NetClientFrom/后台主页界面.cs","8852"
"admin","NetClientFrom.后台主页界面","抓精怪_保存按钮_Click","object sender; EventArgs e","admin-source/current/NetClientFrom/后台主页界面.cs","9508"
"admin","NetClientFrom.后台主页界面","抓精怪_重载按钮_Click","object sender; EventArgs e","admin-source/current/NetClientFrom/后台主页界面.cs","9517"
"admin","NetClientFrom.后台主页界面","适配_ETC适配按钮_Click","object sender; EventArgs e","admin-source/current/NetClientFrom/后台主页界面.cs","9525"
"admin","NetClientFrom.后台主页界面","异兽录_删除事件回调","object sender; EventArgs e","admin-source/current/NetClientFrom/后台主页界面.cs","9710"
"admin","NetClientFrom.后台主页界面","异兽录_保存按钮_Click","object sender; EventArgs e","admin-source/current/NetClientFrom/后台主页界面.cs","9722"
"admin","NetClientFrom.后台主页界面","异兽录_重载按钮_Click","object sender; EventArgs e","admin-source/current/NetClientFrom/后台主页界面.cs","9728"
"admin","NetClientFrom.后台主页界面","浮生录_删除事件回调","object sender; EventArgs e","admin-source/current/NetClientFrom/后台主页界面.cs","9848"
"admin","NetClientFrom.后台主页界面","浮生录_保存按钮_Click","object sender; EventArgs e","admin-source/current/NetClientFrom/后台主页界面.cs","9867"
"admin","NetClientFrom.后台主页界面","浮生录_重载按钮_Click","object sender; EventArgs e","admin-source/current/NetClientFrom/后台主页界面.cs","9873"
"admin","NetClientFrom.后台主页界面","六道轮回_保存按钮_Click","object sender; EventArgs e","admin-source/current/NetClientFrom/后台主页界面.cs","10033"
"admin","NetClientFrom.后台主页界面","六道轮回_重载按钮_Click","object sender; EventArgs e","admin-source/current/NetClientFrom/后台主页界面.cs","10039"
"admin","NetClientFrom.后台主页界面","日常_保存按钮_Click","object sender; EventArgs e","admin-source/current/NetClientFrom/后台主页界面.cs","10575"
"admin","NetClientFrom.后台主页界面","日常_重载按钮_Click","object sender; EventArgs e","admin-source/current/NetClientFrom/后台主页界面.cs","10581"
"admin","NetClientFrom.后台主页界面","日常_助人为乐_删除事件回调","object sender; EventArgs e","admin-source/current/NetClientFrom/后台主页界面.cs","10586"
"admin","NetClientFrom.后台主页界面","日常_师门_删除事件回调","object sender; EventArgs e","admin-source/current/NetClientFrom/后台主页界面.cs","10598"
"admin","NetClientFrom.后台主页界面","日常_刷道_删除事件回调","object sender; EventArgs e","admin-source/current/NetClientFrom/后台主页界面.cs","10610"
"admin","NetClientFrom.后台主页界面","日常_八仙_删除事件回调","object sender; EventArgs e","admin-source/current/NetClientFrom/后台主页界面.cs","10622"
"admin","NetClientFrom.后台主页界面","日常_仙界_删除事件回调","object sender; EventArgs e","admin-source/current/NetClientFrom/后台主页界面.cs","10634"
"admin","NetClientFrom.后台主页界面","日常_十绝_删除事件回调","object sender; EventArgs e","admin-source/current/NetClientFrom/后台主页界面.cs","10646"
"admin","NetClientFrom.后台主页界面","日常_八阵_删除事件回调","object sender; EventArgs e","admin-source/current/NetClientFrom/后台主页界面.cs","10658"
"admin","NetClientFrom.后台主页界面","日常_修行_删除事件回调","object sender; EventArgs e","admin-source/current/NetClientFrom/后台主页界面.cs","10670"
"admin","NetClientFrom.后台主页界面","日常_仙人_删除事件回调","object sender; EventArgs e","admin-source/current/NetClientFrom/后台主页界面.cs","10682"
"admin","NetClientFrom.后台主页界面","日常_寻仙_删除事件回调","object sender; EventArgs e","admin-source/current/NetClientFrom/后台主页界面.cs","10694"
"admin","NetClientFrom.后台主页界面","日常_跑环_删除事件回调","object sender; EventArgs e","admin-source/current/NetClientFrom/后台主页界面.cs","10706"
"admin","NetClientFrom.后台主页界面","日常_副本_删除事件回调","object sender; EventArgs e","admin-source/current/NetClientFrom/后台主页界面.cs","10718"
"admin","NetClientFrom.后台主页界面","日常_昆仑_删除事件回调","object sender; EventArgs e","admin-source/current/NetClientFrom/后台主页界面.cs","10730"
"admin","NetClientFrom.后台主页界面","元神系统配置保存按钮_Click","object sender; EventArgs e","admin-source/current/NetClientFrom/后台主页界面.cs","11032"
"admin","NetClientFrom.后台主页界面","元神系统配置重载按钮_Click","object sender; EventArgs e","admin-source/current/NetClientFrom/后台主页界面.cs","11040"
"admin","NetClientFrom.后台主页界面","元神系统配置_清除首破存档_Click","object sender; EventArgs e","admin-source/current/NetClientFrom/后台主页界面.cs","11045"
"admin","NetClientFrom.后台主页界面","打狗_保存按钮_Click","object sender; EventArgs e","admin-source/current/NetClientFrom/后台主页界面.cs","11067"
"admin","NetClientFrom.后台主页界面","打狗_重载按钮_Click","object sender; EventArgs e","admin-source/current/NetClientFrom/后台主页界面.cs","11076"
"admin","NetClientFrom.后台主页界面","内充_打乱按钮_Click","object sender; EventArgs e","admin-source/current/NetClientFrom/后台主页界面.cs","11106"
"admin","NetClientFrom.后台主页界面","内充支付保存按钮_Click","object sender; EventArgs e","admin-source/current/NetClientFrom/后台主页界面.cs","11117"
"admin","NetClientFrom.后台主页界面","内充支付重载按钮_Click","object sender; EventArgs e","admin-source/current/NetClientFrom/后台主页界面.cs","11159"
"admin","NetClientFrom.后台主页界面","内充_重置按钮_Click","object sender; EventArgs e","admin-source/current/NetClientFrom/后台主页界面.cs","11164"
"admin","NetClientFrom.后台主页界面","智云支付按钮_Click","object sender; EventArgs e","admin-source/current/NetClientFrom/后台主页界面.cs","11169"
"admin","NetClientFrom.后台主页界面","封解_封按钮_Click","object sender; EventArgs e","admin-source/current/NetClientFrom/后台主页界面.cs","11185"
"admin","NetClientFrom.后台主页界面","封解_解按钮_Click","object sender; EventArgs e","admin-source/current/NetClientFrom/后台主页界面.cs","11195"
"admin","NetClientFrom.后台主页界面","货栈修改_删除事件回调","object sender; EventArgs e","admin-source/current/NetClientFrom/后台主页界面.cs","11205"
"admin","NetClientFrom.后台主页界面","货栈_保存按钮_Click","object sender; EventArgs e","admin-source/current/NetClientFrom/后台主页界面.cs","11232"
"admin","NetClientFrom.后台主页界面","货栈_重载按钮_Click","object sender; EventArgs e","admin-source/current/NetClientFrom/后台主页界面.cs","11258"
"admin","NetClientFrom.商城限购配置窗口","商城限购配置窗口_Load","object sender; EventArgs e","admin-source/current/NetClientFrom/商城限购配置窗口.cs","87"
"admin","NetClientFrom.商城限购配置窗口","商城限购_保存按钮_Click","object sender; EventArgs e","admin-source/current/NetClientFrom/商城限购配置窗口.cs","94"
"admin","NetClientFrom.商城限购配置窗口","商城限购_重载按钮_Click","object sender; EventArgs e","admin-source/current/NetClientFrom/商城限购配置窗口.cs","103"
"admin","NetClientFrom.喊话聊天配置窗口","喊话聊天配置窗口_Load","object sender; EventArgs e","admin-source/current/NetClientFrom/喊话聊天配置窗口.cs","116"
"admin","NetClientFrom.喊话聊天配置窗口","喊话_保存按钮_Click","object sender; EventArgs e","admin-source/current/NetClientFrom/喊话聊天配置窗口.cs","174"
"admin","NetClientFrom.喊话聊天配置窗口","喊话_重载按钮_Click","object sender; EventArgs e","admin-source/current/NetClientFrom/喊话聊天配置窗口.cs","183"
"admin","NetClientFrom.喊话聊天配置窗口","喊话_添加按钮_Click","object sender; EventArgs e","admin-source/current/NetClientFrom/喊话聊天配置窗口.cs","191"
"admin","NetClientFrom.喊话聊天配置窗口","喊话_启动定时按钮_Click","object sender; EventArgs e","admin-source/current/NetClientFrom/喊话聊天配置窗口.cs","211"
"admin","NetClientFrom.喊话聊天配置窗口","喊话_停止定时按钮_Click","object sender; EventArgs e","admin-source/current/NetClientFrom/喊话聊天配置窗口.cs","241"
"admin","NetClientFrom.在线抽奖配置窗口","在线抽奖配置窗口_Load","object sender; EventArgs e","admin-source/current/NetClientFrom/在线抽奖配置窗口.cs","102"
"admin","NetClientFrom.在线抽奖配置窗口","删除事件回调","object sender; EventArgs e","admin-source/current/NetClientFrom/在线抽奖配置窗口.cs","119"
"admin","NetClientFrom.在线抽奖配置窗口","抽奖_保存按钮_Click","object sender; EventArgs e","admin-source/current/NetClientFrom/在线抽奖配置窗口.cs","196"
"admin","NetClientFrom.在线抽奖配置窗口","抽奖_重载按钮_Click","object sender; EventArgs e","admin-source/current/NetClientFrom/在线抽奖配置窗口.cs","205"
"admin","NetClientFrom.在线抽奖配置窗口","抽奖_重置按钮_Click","object sender; EventArgs e","admin-source/current/NetClientFrom/在线抽奖配置窗口.cs","213"
"admin","NetClientFrom.大飞共生双属性窗口","大飞共生双属性窗口_Load","object sender; EventArgs e","admin-source/current/NetClientFrom/大飞共生双属性窗口.cs","131"
"admin","NetClientFrom.大飞共生双属性窗口","大飞_保存按钮_Click","object sender; EventArgs e","admin-source/current/NetClientFrom/大飞共生双属性窗口.cs","205"
"admin","NetClientFrom.大飞共生双属性窗口","大飞_重载按钮_Click","object sender; EventArgs e","admin-source/current/NetClientFrom/大飞共生双属性窗口.cs","214"
"admin","NetClientFrom.大飞共生双属性窗口","共生_保存按钮_Click","object sender; EventArgs e","admin-source/current/NetClientFrom/大飞共生双属性窗口.cs","222"
"admin","NetClientFrom.大飞共生双属性窗口","共生_重载按钮_Click","object sender; EventArgs e","admin-source/current/NetClientFrom/大飞共生双属性窗口.cs","231"
"admin","NetClientFrom.宠物召唤配置窗口","宠物召唤配置窗口_Load","object sender; EventArgs e","admin-source/current/NetClientFrom/宠物召唤配置窗口.cs","203"
"admin","NetClientFrom.宠物召唤配置窗口","宠物召唤_保存按钮_Click","object sender; EventArgs e","admin-source/current/NetClientFrom/宠物召唤配置窗口.cs","211"
"admin","NetClientFrom.宠物召唤配置窗口","宠物召唤_重载按钮_Click","object sender; EventArgs e","admin-source/current/NetClientFrom/宠物召唤配置窗口.cs","220"
"admin","NetClientFrom.宠物绑定配置窗口","宠物绑定配置窗口_Load","object sender; EventArgs e","admin-source/current/NetClientFrom/宠物绑定配置窗口.cs","105"
"admin","NetClientFrom.宠物绑定配置窗口","修改事件回调","object sender; EventArgs e","admin-source/current/NetClientFrom/宠物绑定配置窗口.cs","119"
"admin","NetClientFrom.宠物绑定配置窗口","确定修改事件回调","object sender; EventArgs e","admin-source/current/NetClientFrom/宠物绑定配置窗口.cs","138"
"admin","NetClientFrom.宠物绑定配置窗口","删除事件回调","object sender; EventArgs e","admin-source/current/NetClientFrom/宠物绑定配置窗口.cs","157"
"admin","NetClientFrom.宠物绑定配置窗口","宠物绑定_保存按钮_Click","object sender; EventArgs e","admin-source/current/NetClientFrom/宠物绑定配置窗口.cs","205"
"admin","NetClientFrom.宠物绑定配置窗口","宠物绑定_重载按钮_Click","object sender; EventArgs e","admin-source/current/NetClientFrom/宠物绑定配置窗口.cs","214"
"admin","NetClientFrom.宠物绑定配置窗口","宠物绑定_添加按钮_Click","object sender; EventArgs e","admin-source/current/NetClientFrom/宠物绑定配置窗口.cs","222"
"admin","NetClientFrom.属性洗炼配置窗口","属性洗炼配置窗口_Load","object sender; EventArgs e","admin-source/current/NetClientFrom/属性洗炼配置窗口.cs","510"
"admin","NetClientFrom.属性洗炼配置窗口","删除事件回调","object sender; EventArgs e","admin-source/current/NetClientFrom/属性洗炼配置窗口.cs","519"
"admin","NetClientFrom.属性洗炼配置窗口","洗炼_保存按钮_Click","object sender; EventArgs e","admin-source/current/NetClientFrom/属性洗炼配置窗口.cs","823"
"admin","NetClientFrom.属性洗炼配置窗口","洗炼_重载按钮_Click","object sender; EventArgs e","admin-source/current/NetClientFrom/属性洗炼配置窗口.cs","832"
"admin","NetClientFrom.属性洗炼配置窗口","洗炼_添加按钮_Click","object sender; EventArgs e","admin-source/current/NetClientFrom/属性洗炼配置窗口.cs","840"
"admin","NetClientFrom.异兽录配置窗口","异兽录配置窗口_Load","object sender; EventArgs e","admin-source/current/NetClientFrom/异兽录配置窗口.cs","177"
"admin","NetClientFrom.异兽录配置窗口","删除事件回调","object sender; EventArgs e","admin-source/current/NetClientFrom/异兽录配置窗口.cs","191"
"admin","NetClientFrom.异兽录配置窗口","异兽录_保存按钮_Click","object sender; EventArgs e","admin-source/current/NetClientFrom/异兽录配置窗口.cs","297"
"admin","NetClientFrom.异兽录配置窗口","异兽录_重载按钮_Click","object sender; EventArgs e","admin-source/current/NetClientFrom/异兽录配置窗口.cs","306"
"admin","NetClientFrom.异兽录配置窗口","异兽录_添加按钮_Click","object sender; EventArgs e","admin-source/current/NetClientFrom/异兽录配置窗口.cs","314"
"admin","NetClientFrom.推荐拉人配置窗口","推荐拉人配置窗口_Load","object sender; EventArgs e","admin-source/current/NetClientFrom/推荐拉人配置窗口.cs","145"
"admin","NetClientFrom.推荐拉人配置窗口","推荐_保存按钮_Click","object sender; EventArgs e","admin-source/current/NetClientFrom/推荐拉人配置窗口.cs","153"
"admin","NetClientFrom.推荐拉人配置窗口","推荐_重载按钮_Click","object sender; EventArgs e","admin-source/current/NetClientFrom/推荐拉人配置窗口.cs","162"
"admin","NetClientFrom.无双争夺战配置窗口","无双争夺战配置窗口_Load","object sender; EventArgs e","admin-source/current/NetClientFrom/无双争夺战配置窗口.cs","279"
"admin","NetClientFrom.无双争夺战配置窗口","无双_保存按钮_Click","object sender; EventArgs e","admin-source/current/NetClientFrom/无双争夺战配置窗口.cs","288"
"admin","NetClientFrom.无双争夺战配置窗口","无双_重载按钮_Click","object sender; EventArgs e","admin-source/current/NetClientFrom/无双争夺战配置窗口.cs","298"
"admin","NetClientFrom.无双争夺战配置窗口","无双_开启按钮_Click","object sender; EventArgs e","admin-source/current/NetClientFrom/无双争夺战配置窗口.cs","533"
"admin","NetClientFrom.无双争夺战配置窗口","无双_结束按钮_Click","object sender; EventArgs e","admin-source/current/NetClientFrom/无双争夺战配置窗口.cs","561"
"admin","NetClientFrom.无双争夺战配置窗口","无双_刷新战场按钮_Click","object sender; EventArgs e","admin-source/current/NetClientFrom/无双争夺战配置窗口.cs","579"
"admin","NetClientFrom.无双争夺战配置窗口","淘汰事件回调","object sender; EventArgs e","admin-source/current/NetClientFrom/无双争夺战配置窗口.cs","606"
"admin","NetClientFrom.时装坐姿染色配置窗口","时装坐姿染色配置窗口_Load","object sender; EventArgs e","admin-source/current/NetClientFrom/时装坐姿染色配置窗口.cs","150"
"admin","NetClientFrom.时装坐姿染色配置窗口","时装_修改事件回调","object sender; EventArgs e","admin-source/current/NetClientFrom/时装坐姿染色配置窗口.cs","170"
"admin","NetClientFrom.时装坐姿染色配置窗口","时装_删除事件回调","object sender; EventArgs e","admin-source/current/NetClientFrom/时装坐姿染色配置窗口.cs","190"
"admin","NetClientFrom.时装坐姿染色配置窗口","时装_确定修改事件回调","object sender; EventArgs e","admin-source/current/NetClientFrom/时装坐姿染色配置窗口.cs","209"
"admin","NetClientFrom.时装坐姿染色配置窗口","坐姿_修改事件回调","object sender; EventArgs e","admin-source/current/NetClientFrom/时装坐姿染色配置窗口.cs","231"
"admin","NetClientFrom.时装坐姿染色配置窗口","坐姿_删除事件回调","object sender; EventArgs e","admin-source/current/NetClientFrom/时装坐姿染色配置窗口.cs","256"
"admin","NetClientFrom.时装坐姿染色配置窗口","坐姿_确定修改事件回调","object sender; EventArgs e","admin-source/current/NetClientFrom/时装坐姿染色配置窗口.cs","275"
"admin","NetClientFrom.时装坐姿染色配置窗口","坐姿_保存按钮_Click","object sender; EventArgs e","admin-source/current/NetClientFrom/时装坐姿染色配置窗口.cs","353"
"admin","NetClientFrom.时装坐姿染色配置窗口","坐姿_重载按钮_Click","object sender; EventArgs e","admin-source/current/NetClientFrom/时装坐姿染色配置窗口.cs","362"
"admin","NetClientFrom.时装坐姿染色配置窗口","坐姿_添加时装按钮_Click","object sender; EventArgs e","admin-source/current/NetClientFrom/时装坐姿染色配置窗口.cs","370"
"admin","NetClientFrom.时装坐姿染色配置窗口","坐姿_添加染色按钮_Click","object sender; EventArgs e","admin-source/current/NetClientFrom/时装坐姿染色配置窗口.cs","406"
"admin","NetClientFrom.更新内容窗口","更新内容窗口_Load","object sender; EventArgs e","admin-source/current/NetClientFrom/更新内容窗口.cs","58"
"admin","NetClientFrom.泡点设置","泡点设置_Load","object sender; EventArgs e","admin-source/current/NetClientFrom/泡点设置.cs","115"
"admin","NetClientFrom.泡点设置","泡点_保存按钮_Click","object sender; EventArgs e","admin-source/current/NetClientFrom/泡点设置.cs","166"
"admin","NetClientFrom.泡点设置","泡点_重载按钮_Click","object sender; EventArgs e","admin-source/current/NetClientFrom/泡点设置.cs","175"
"admin","NetClientFrom.活跃度奖励配置窗口","活跃度奖励配置窗口_Load","object sender; EventArgs e","admin-source/current/NetClientFrom/活跃度奖励配置窗口.cs","197"
"admin","NetClientFrom.活跃度奖励配置窗口","活跃度_保存按钮_Click","object sender; EventArgs e","admin-source/current/NetClientFrom/活跃度奖励配置窗口.cs","205"
"admin","NetClientFrom.活跃度奖励配置窗口","活跃度_重载按钮_Click","object sender; EventArgs e","admin-source/current/NetClientFrom/活跃度奖励配置窗口.cs","214"
"admin","NetClientFrom.浮生录配置窗口","浮生录配置窗口_Load","object sender; EventArgs e","admin-source/current/NetClientFrom/浮生录配置窗口.cs","210"
"admin","NetClientFrom.浮生录配置窗口","删除事件回调","object sender; EventArgs e","admin-source/current/NetClientFrom/浮生录配置窗口.cs","224"
"admin","NetClientFrom.浮生录配置窗口","浮生录_保存按钮_Click","object sender; EventArgs e","admin-source/current/NetClientFrom/浮生录配置窗口.cs","352"
"admin","NetClientFrom.浮生录配置窗口","浮生录_重载按钮_Click","object sender; EventArgs e","admin-source/current/NetClientFrom/浮生录配置窗口.cs","361"
"admin","NetClientFrom.浮生录配置窗口","浮生录_添加化身按钮_Click","object sender; EventArgs e","admin-source/current/NetClientFrom/浮生录配置窗口.cs","369"
"admin","NetClientFrom.燃煤同源转门派窗口","燃煤同源转门派窗口_Load","object sender; EventArgs e","admin-source/current/NetClientFrom/燃煤同源转门派窗口.cs","323"
"admin","NetClientFrom.燃煤同源转门派窗口","燃眉_保存按钮_Click","object sender; EventArgs e","admin-source/current/NetClientFrom/燃煤同源转门派窗口.cs","390"
"admin","NetClientFrom.燃煤同源转门派窗口","燃眉_重载按钮_Click","object sender; EventArgs e","admin-source/current/NetClientFrom/燃煤同源转门派窗口.cs","399"
"admin","NetClientFrom.燃煤同源转门派窗口","转门派_保存配置按钮_Click","object sender; EventArgs e","admin-source/current/NetClientFrom/燃煤同源转门派窗口.cs","451"
"admin","NetClientFrom.燃煤同源转门派窗口","转门派_重载配置按钮_Click","object sender; EventArgs e","admin-source/current/NetClientFrom/燃煤同源转门派窗口.cs","460"
"admin","NetClientFrom.燃煤同源转门派窗口","同源_保存配置按钮_Click","object sender; EventArgs e","admin-source/current/NetClientFrom/燃煤同源转门派窗口.cs","570"
"admin","NetClientFrom.燃煤同源转门派窗口","同源_重载配置按钮_Click","object sender; EventArgs e","admin-source/current/NetClientFrom/燃煤同源转门派窗口.cs","579"
"admin","NetClientFrom.特权会员配置窗口","特权会员配置窗口_Load","object sender; EventArgs e","admin-source/current/NetClientFrom/特权会员配置窗口.cs","113"
"admin","NetClientFrom.特权会员配置窗口","特权会员_保存按钮_Click","object sender; EventArgs e","admin-source/current/NetClientFrom/特权会员配置窗口.cs","121"
"admin","NetClientFrom.特权会员配置窗口","特权会员_重载按钮_Click","object sender; EventArgs e","admin-source/current/NetClientFrom/特权会员配置窗口.cs","130"
"admin","NetClientFrom.百炼合成配置窗口","百炼合成配置窗口_Load","object sender; EventArgs e","admin-source/current/NetClientFrom/百炼合成配置窗口.cs","224"
"admin","NetClientFrom.百炼合成配置窗口","百炼_保存按钮_Click","object sender; EventArgs e","admin-source/current/NetClientFrom/百炼合成配置窗口.cs","241"
"admin","NetClientFrom.百炼合成配置窗口","百炼_重载按钮_Click","object sender; EventArgs e","admin-source/current/NetClientFrom/百炼合成配置窗口.cs","250"
"admin","NetClientFrom.百炼合成配置窗口","百炼_打开新增按钮_Click","object sender; EventArgs e","admin-source/current/NetClientFrom/百炼合成配置窗口.cs","258"
"admin","NetClientFrom.百炼合成配置窗口","修改事件回调","object sender; EventArgs e","admin-source/current/NetClientFrom/百炼合成配置窗口.cs","316"
"admin","NetClientFrom.百炼合成配置窗口","确定修改事件回调","object sender; EventArgs e","admin-source/current/NetClientFrom/百炼合成配置窗口.cs","413"
"admin","NetClientFrom.百炼合成配置窗口","删除事件回调","object sender; EventArgs e","admin-source/current/NetClientFrom/百炼合成配置窗口.cs","473"
"admin","NetClientFrom.盲盒配置窗口","盲盒配置窗口_Load","object sender; EventArgs e","admin-source/current/NetClientFrom/盲盒配置窗口.cs","107"
"admin","NetClientFrom.盲盒配置窗口","修改事件回调","object sender; EventArgs e","admin-source/current/NetClientFrom/盲盒配置窗口.cs","131"
"admin","NetClientFrom.盲盒配置窗口","确定修改事件回调","object sender; EventArgs e","admin-source/current/NetClientFrom/盲盒配置窗口.cs","166"
"admin","NetClientFrom.盲盒配置窗口","删除事件回调","object sender; EventArgs e","admin-source/current/NetClientFrom/盲盒配置窗口.cs","207"
"admin","NetClientFrom.盲盒配置窗口","删除配置列表回调","object sender; EventArgs e","admin-source/current/NetClientFrom/盲盒配置窗口.cs","219"
"admin","NetClientFrom.盲盒配置窗口","盲盒_保存按钮_Click","object sender; EventArgs e","admin-source/current/NetClientFrom/盲盒配置窗口.cs","273"
"admin","NetClientFrom.盲盒配置窗口","盲盒_重载按钮_Click","object sender; EventArgs e","admin-source/current/NetClientFrom/盲盒配置窗口.cs","282"
"admin","NetClientFrom.盲盒配置窗口","盲盒_添加按钮_Click","object sender; EventArgs e","admin-source/current/NetClientFrom/盲盒配置窗口.cs","290"
"admin","NetClientFrom.礼包开元宝配置窗口","礼包开元宝配置窗口_Load","object sender; EventArgs e","admin-source/current/NetClientFrom/礼包开元宝配置窗口.cs","145"
"admin","NetClientFrom.礼包开元宝配置窗口","修改事件回调","object sender; EventArgs e","admin-source/current/NetClientFrom/礼包开元宝配置窗口.cs","159"
"admin","NetClientFrom.礼包开元宝配置窗口","确定修改事件回调","object sender; EventArgs e","admin-source/current/NetClientFrom/礼包开元宝配置窗口.cs","183"
"admin","NetClientFrom.礼包开元宝配置窗口","删除事件回调","object sender; EventArgs e","admin-source/current/NetClientFrom/礼包开元宝配置窗口.cs","216"
"admin","NetClientFrom.礼包开元宝配置窗口","元宝礼包_保存按钮_Click","object sender; EventArgs e","admin-source/current/NetClientFrom/礼包开元宝配置窗口.cs","260"
"admin","NetClientFrom.礼包开元宝配置窗口","元宝礼包_重载按钮_Click","object sender; EventArgs e","admin-source/current/NetClientFrom/礼包开元宝配置窗口.cs","269"
"admin","NetClientFrom.礼包开元宝配置窗口","元宝礼包_添加按钮_Click","object sender; EventArgs e","admin-source/current/NetClientFrom/礼包开元宝配置窗口.cs","277"
"admin","NetClientFrom.等级道行限制配置窗口","等级道行限制配置窗口_Load","object sender; EventArgs e","admin-source/current/NetClientFrom/等级道行限制配置窗口.cs","83"
"admin","NetClientFrom.等级道行限制配置窗口","检测_保存按钮_Click","object sender; EventArgs e","admin-source/current/NetClientFrom/等级道行限制配置窗口.cs","91"
"admin","NetClientFrom.等级道行限制配置窗口","检测_重载按钮_Click","object sender; EventArgs e","admin-source/current/NetClientFrom/等级道行限制配置窗口.cs","100"
"admin","NetClientFrom.签到配置窗口","签到配置窗口_Load","object sender; EventArgs e","admin-source/current/NetClientFrom/签到配置窗口.cs","329"
"admin","NetClientFrom.签到配置窗口","签到_保存按钮_Click","object sender; EventArgs e","admin-source/current/NetClientFrom/签到配置窗口.cs","337"
"admin","NetClientFrom.签到配置窗口","签到_重载按钮_Click","object sender; EventArgs e","admin-source/current/NetClientFrom/签到配置窗口.cs","346"
"admin","NetClientFrom.累充返利配置窗口","累充返利配置窗口_Load","object sender; EventArgs e","admin-source/current/NetClientFrom/累充返利配置窗口.cs","89"
"admin","NetClientFrom.累充返利配置窗口","删除事件回调","object sender; EventArgs e","admin-source/current/NetClientFrom/累充返利配置窗口.cs","99"
"admin","NetClientFrom.累充返利配置窗口","累充返利_保存按钮_Click","object sender; EventArgs e","admin-source/current/NetClientFrom/累充返利配置窗口.cs","190"
"admin","NetClientFrom.累充返利配置窗口","累充返利_重载按钮_Click","object sender; EventArgs e","admin-source/current/NetClientFrom/累充返利配置窗口.cs","199"
"admin","NetClientFrom.自定义守护窗口","自定义守护窗口_Load","object sender; EventArgs e","admin-source/current/NetClientFrom/自定义守护窗口.cs","105"
"admin","NetClientFrom.自定义守护窗口","守护_保存按钮_Click","object sender; EventArgs e","admin-source/current/NetClientFrom/自定义守护窗口.cs","161"
"admin","NetClientFrom.自定义守护窗口","守护_重载按钮_Click","object sender; EventArgs e","admin-source/current/NetClientFrom/自定义守护窗口.cs","170"
"admin","NetClientFrom.自定义邮箱配置窗口","自定义邮箱配置窗口_Load","object sender; EventArgs e","admin-source/current/NetClientFrom/自定义邮箱配置窗口.cs","96"
"admin","NetClientFrom.自定义邮箱配置窗口","邮箱_保存按钮_Click","object sender; EventArgs e","admin-source/current/NetClientFrom/自定义邮箱配置窗口.cs","104"
"admin","NetClientFrom.自定义邮箱配置窗口","邮箱_重载按钮_Click","object sender; EventArgs e","admin-source/current/NetClientFrom/自定义邮箱配置窗口.cs","113"
"admin","NetClientFrom.自定义邮箱配置窗口","邮箱_自定义发送按钮_Click","object sender; EventArgs e","admin-source/current/NetClientFrom/自定义邮箱配置窗口.cs","121"
"admin","NetClientFrom.自定义邮箱配置窗口","邮箱_角色列表_TextUpdate","object sender; EventArgs e","admin-source/current/NetClientFrom/自定义邮箱配置窗口.cs","134"
"admin","NetClientFrom.自选礼包配置窗口","自选礼包配置窗口_Load","object sender; EventArgs e","admin-source/current/NetClientFrom/自选礼包配置窗口.cs","98"
"admin","NetClientFrom.自选礼包配置窗口","修改事件回调","object sender; EventArgs e","admin-source/current/NetClientFrom/自选礼包配置窗口.cs","112"
"admin","NetClientFrom.自选礼包配置窗口","确定修改事件回调","object sender; EventArgs e","admin-source/current/NetClientFrom/自选礼包配置窗口.cs","131"
"admin","NetClientFrom.自选礼包配置窗口","删除事件回调","object sender; EventArgs e","admin-source/current/NetClientFrom/自选礼包配置窗口.cs","150"
"admin","NetClientFrom.自选礼包配置窗口","自选_保存按钮_Click","object sender; EventArgs e","admin-source/current/NetClientFrom/自选礼包配置窗口.cs","194"
"admin","NetClientFrom.自选礼包配置窗口","自选_重载按钮_Click","object sender; EventArgs e","admin-source/current/NetClientFrom/自选礼包配置窗口.cs","203"
"admin","NetClientFrom.自选礼包配置窗口","自选_例子按钮_Click","object sender; EventArgs e","admin-source/current/NetClientFrom/自选礼包配置窗口.cs","211"
"admin","NetClientFrom.自选礼包配置窗口","自选_添加按钮_Click","object sender; EventArgs e","admin-source/current/NetClientFrom/自选礼包配置窗口.cs","220"
"admin","NetClientFrom.试道大会配置窗口","试道大会配置窗口_Load","object sender; EventArgs e","admin-source/current/NetClientFrom/试道大会配置窗口.cs","128"
"admin","NetClientFrom.试道大会配置窗口","试道_保存按钮_Click","object sender; EventArgs e","admin-source/current/NetClientFrom/试道大会配置窗口.cs","188"
"admin","NetClientFrom.试道大会配置窗口","试道_重载按钮_Click","object sender; EventArgs e","admin-source/current/NetClientFrom/试道大会配置窗口.cs","197"
"admin","NetClientFrom.试道大会配置窗口","试道_刷新按钮_Click","object sender; EventArgs e","admin-source/current/NetClientFrom/试道大会配置窗口.cs","205"
"admin","NetClientFrom.试道大会配置窗口","试道_发送按钮_Click","object sender; EventArgs e","admin-source/current/NetClientFrom/试道大会配置窗口.cs","242"
"admin","NetClientFrom.调试数据窗口","调试数据窗口_Load","object sender; EventArgs e","admin-source/current/NetClientFrom/调试数据窗口.cs","74"
"admin","NetClientFrom.调试数据窗口","数据调试_类型_SelectedIndexChanged","object sender; EventArgs e","admin-source/current/NetClientFrom/调试数据窗口.cs","79"
"admin","NetClientFrom.超级NPC配置窗口","超级NPC配置窗口_Load","object sender; EventArgs e","admin-source/current/NetClientFrom/超级NPC配置窗口.cs","168"
"admin","NetClientFrom.超级NPC配置窗口","修改事件回调","object sender; EventArgs e","admin-source/current/NetClientFrom/超级NPC配置窗口.cs","186"
"admin","NetClientFrom.超级NPC配置窗口","确定修改事件回调","object sender; EventArgs e","admin-source/current/NetClientFrom/超级NPC配置窗口.cs","221"
"admin","NetClientFrom.超级NPC配置窗口","删除事件回调","object sender; EventArgs e","admin-source/current/NetClientFrom/超级NPC配置窗口.cs","295"
"admin","NetClientFrom.超级NPC配置窗口","修改_删除事件回调","object sender; EventArgs e","admin-source/current/NetClientFrom/超级NPC配置窗口.cs","316"
"admin","NetClientFrom.超级NPC配置窗口","超级npc_保存按钮_Click","object sender; EventArgs e","admin-source/current/NetClientFrom/超级NPC配置窗口.cs","355"
"admin","NetClientFrom.超级NPC配置窗口","超级npc_重载按钮_Click","object sender; EventArgs e","admin-source/current/NetClientFrom/超级NPC配置窗口.cs","364"
"admin","NetClientFrom.超级NPC配置窗口","超级npc_添加按钮_Click","object sender; EventArgs e","admin-source/current/NetClientFrom/超级NPC配置窗口.cs","372"
"admin","NetClientFrom.超级地图配置窗口","超级地图配置窗口_Load","object sender; EventArgs e","admin-source/current/NetClientFrom/超级地图配置窗口.cs","210"
"admin","NetClientFrom.超级地图配置窗口","修改事件回调","object sender; EventArgs e","admin-source/current/NetClientFrom/超级地图配置窗口.cs","227"
"admin","NetClientFrom.超级地图配置窗口","确定修改事件回调","object sender; EventArgs e","admin-source/current/NetClientFrom/超级地图配置窗口.cs","263"
"admin","NetClientFrom.超级地图配置窗口","删除事件回调","object sender; EventArgs e","admin-source/current/NetClientFrom/超级地图配置窗口.cs","306"
"admin","NetClientFrom.超级地图配置窗口","超级地图_保存按钮_Click","object sender; EventArgs e","admin-source/current/NetClientFrom/超级地图配置窗口.cs","325"
"admin","NetClientFrom.超级地图配置窗口","超级地图_重载按钮_Click","object sender; EventArgs e","admin-source/current/NetClientFrom/超级地图配置窗口.cs","334"
"admin","NetClientFrom.超级地图配置窗口","超级地图_添加按钮_Click","object sender; EventArgs e","admin-source/current/NetClientFrom/超级地图配置窗口.cs","339"
"admin","NetClientFrom.超级地图配置窗口","超级地图_消耗类型_SelectedIndexChanged","object sender; EventArgs e","admin-source/current/NetClientFrom/超级地图配置窗口.cs","403"
"admin","NetClientFrom.超级地图配置窗口","修改_消耗类型_SelectedIndexChanged","object sender; EventArgs e","admin-source/current/NetClientFrom/超级地图配置窗口.cs","422"
"admin","NetClientFrom.超级坐骑配置窗口","超级坐骑配置窗口_Load","object sender; EventArgs e","admin-source/current/NetClientFrom/超级坐骑配置窗口.cs","116"
"admin","NetClientFrom.超级坐骑配置窗口","修改事件回调","object sender; EventArgs e","admin-source/current/NetClientFrom/超级坐骑配置窗口.cs","130"
"admin","NetClientFrom.超级坐骑配置窗口","确定修改事件回调","object sender; EventArgs e","admin-source/current/NetClientFrom/超级坐骑配置窗口.cs","151"
"admin","NetClientFrom.超级坐骑配置窗口","删除事件回调","object sender; EventArgs e","admin-source/current/NetClientFrom/超级坐骑配置窗口.cs","175"
"admin","NetClientFrom.超级坐骑配置窗口","超级坐骑_保存按钮_Click","object sender; EventArgs e","admin-source/current/NetClientFrom/超级坐骑配置窗口.cs","221"
"admin","NetClientFrom.超级坐骑配置窗口","超级坐骑_重载按钮_Click","object sender; EventArgs e","admin-source/current/NetClientFrom/超级坐骑配置窗口.cs","230"
"admin","NetClientFrom.超级坐骑配置窗口","超级坐骑_添加按钮_Click","object sender; EventArgs e","admin-source/current/NetClientFrom/超级坐骑配置窗口.cs","238"
"admin","NetClientFrom.超级道具配置窗口","超级道具配置窗口_Load","object sender; EventArgs e","admin-source/current/NetClientFrom/超级道具配置窗口.cs","234"
"admin","NetClientFrom.超级道具配置窗口","修改事件回调","object sender; EventArgs e","admin-source/current/NetClientFrom/超级道具配置窗口.cs","254"
"admin","NetClientFrom.超级道具配置窗口","确定修改事件回调","object sender; EventArgs e","admin-source/current/NetClientFrom/超级道具配置窗口.cs","300"
"admin","NetClientFrom.超级道具配置窗口","删除事件回调","object sender; EventArgs e","admin-source/current/NetClientFrom/超级道具配置窗口.cs","396"
"admin","NetClientFrom.超级道具配置窗口","累计_删除事件回调","object sender; EventArgs e","admin-source/current/NetClientFrom/超级道具配置窗口.cs","415"
"admin","NetClientFrom.超级道具配置窗口","超级道具_保存按钮_Click","object sender; EventArgs e","admin-source/current/NetClientFrom/超级道具配置窗口.cs","501"
"admin","NetClientFrom.超级道具配置窗口","超级道具_重载按钮_Click","object sender; EventArgs e","admin-source/current/NetClientFrom/超级道具配置窗口.cs","510"
"admin","NetClientFrom.超级道具配置窗口","超级道具_打开新增窗口按钮_Click","object sender; EventArgs e","admin-source/current/NetClientFrom/超级道具配置窗口.cs","518"
"admin","NetClientFrom.超级道具配置窗口","修改_添加累计奖励按钮_Click","object sender; EventArgs e","admin-source/current/NetClientFrom/超级道具配置窗口.cs","636"
"admin","NetClientFrom.通天塔突破配置窗口","通天塔突破配置窗口_Load","object sender; EventArgs e","admin-source/current/NetClientFrom/通天塔突破配置窗口.cs","95"
"admin","NetClientFrom.通天塔突破配置窗口","修改事件回调","object sender; EventArgs e","admin-source/current/NetClientFrom/通天塔突破配置窗口.cs","109"
"admin","NetClientFrom.通天塔突破配置窗口","确定修改事件回调","object sender; EventArgs e","admin-source/current/NetClientFrom/通天塔突破配置窗口.cs","128"
"admin","NetClientFrom.通天塔突破配置窗口","删除事件回调","object sender; EventArgs e","admin-source/current/NetClientFrom/通天塔突破配置窗口.cs","147"
"admin","NetClientFrom.通天塔突破配置窗口","通天塔_保存按钮_Click","object sender; EventArgs e","admin-source/current/NetClientFrom/通天塔突破配置窗口.cs","166"
"admin","NetClientFrom.通天塔突破配置窗口","通天塔_重载按钮_Click","object sender; EventArgs e","admin-source/current/NetClientFrom/通天塔突破配置窗口.cs","175"
"admin","NetClientFrom.通天塔突破配置窗口","通天塔_添加按钮_Click","object sender; EventArgs e","admin-source/current/NetClientFrom/通天塔突破配置窗口.cs","183"
"admin","NetClientFrom.道具宠物回收配置窗口","道具宠物回收配置窗口_Load","object sender; EventArgs e","admin-source/current/NetClientFrom/道具宠物回收配置窗口.cs","253"
"admin","NetClientFrom.道具宠物回收配置窗口","修改事件回调","object sender; EventArgs e","admin-source/current/NetClientFrom/道具宠物回收配置窗口.cs","267"
"admin","NetClientFrom.道具宠物回收配置窗口","确定修改事件回调","object sender; EventArgs e","admin-source/current/NetClientFrom/道具宠物回收配置窗口.cs","302"
"admin","NetClientFrom.道具宠物回收配置窗口","删除事件回调","object sender; EventArgs e","admin-source/current/NetClientFrom/道具宠物回收配置窗口.cs","344"
"admin","NetClientFrom.道具宠物回收配置窗口","回收_添加按钮_Click","object sender; EventArgs e","admin-source/current/NetClientFrom/道具宠物回收配置窗口.cs","363"
"admin","NetClientFrom.道具宠物回收配置窗口","回收_保存按钮_Click","object sender; EventArgs e","admin-source/current/NetClientFrom/道具宠物回收配置窗口.cs","409"
"admin","NetClientFrom.道具宠物回收配置窗口","回收_重载按钮_Click","object sender; EventArgs e","admin-source/current/NetClientFrom/道具宠物回收配置窗口.cs","418"
"admin","NetClientFrom.道行达标奖励配置窗口","道行达标奖励配置窗口_Load","object sender; EventArgs e","admin-source/current/NetClientFrom/道行达标奖励配置窗口.cs","78"
"admin","NetClientFrom.道行达标奖励配置窗口","删除事件回调","object sender; EventArgs e","admin-source/current/NetClientFrom/道行达标奖励配置窗口.cs","87"
"admin","NetClientFrom.道行达标奖励配置窗口","道行达标_保存按钮_Click","object sender; EventArgs e","admin-source/current/NetClientFrom/道行达标奖励配置窗口.cs","99"
"admin","NetClientFrom.道行达标奖励配置窗口","道行达标_重载按钮_Click","object sender; EventArgs e","admin-source/current/NetClientFrom/道行达标奖励配置窗口.cs","108"
"admin","NetClientFrom.道行达标奖励配置窗口","道行达标_添加按钮_Click","object sender; EventArgs e","admin-source/current/NetClientFrom/道行达标奖励配置窗口.cs","116"
"admin","NetClientFrom.限时副本地图配置窗口","添加","object sender; EventArgs e","admin-source/current/NetClientFrom/限时副本地图配置窗口.cs","100"
"admin","NetClientFrom.限时副本地图配置窗口","删除","object sender; EventArgs e","admin-source/current/NetClientFrom/限时副本地图配置窗口.cs","106"
"admin","NetClientFrom.限时副本地图配置窗口","导入","object sender; EventArgs e","admin-source/current/NetClientFrom/限时副本地图配置窗口.cs","112"
"admin","NetClientFrom.限时副本地图配置窗口","保存到插件","object sender; EventArgs e","admin-source/current/NetClientFrom/限时副本地图配置窗口.cs","122"
"admin","NetClientFrom.限时副本地图配置窗口","从插件重载","object sender; EventArgs e","admin-source/current/NetClientFrom/限时副本地图配置窗口.cs","136"
"admin","NetClientFrom.限时副本地图配置窗口","导出","object sender; EventArgs e","admin-source/current/NetClientFrom/限时副本地图配置窗口.cs","155"
"admin","NetClientFrom.限时副本地图配置窗口","检查","object sender; EventArgs e","admin-source/current/NetClientFrom/限时副本地图配置窗口.cs","167"
