"Project","File","Lines","Bytes","Sha256"
"plugin-core","plugin-source/v10-source-restoration/AjM3S5iHgLtKng5UpEe/sGGAjyixPch0Uk158L6.cs","189","8223","7D671C761BAD476C612DF403ACAA6E8B5E90389EB3B9E40D8343B2EBCD1683AB"
"plugin-core","plugin-source/v10-source-restoration/AM5rMIgHdrOR1f8tXCQ/rZ9xAdgxKYQQZPeE8Rm.cs","1795","76269","44F51FF255BDB6A1E1710EDFA876CC024FF8A753EDC64820D86212463E6556FC"
"plugin-core","plugin-source/v10-source-restoration/aqNktcWvi5bXttp7syQ/FoINHjWh9BHxZ3BiiA5.cs","508","21005","28EEF6758D5C361B43E52A4D1E6B43FAA069365C2A39F326EBB81CC97AA104E4"
"plugin-core","plugin-source/v10-source-restoration/ArchiveSaveGate.cs","26","362","0B0111023222C839560ABA67988A613791ED0955D7C30475497DE6106CB682E1"
"plugin-core","plugin-source/v10-source-restoration/ArchiveSaveSchedulingSelfTest.cs","25","579","00C39CF77DF5E6B75F546B4B29FC9D9D0574B59D131E67EABED247289A4BAA82"
"plugin-core","plugin-source/v10-source-restoration/aSItGBlifY3VT2BvkBH/cCs7kYlNIp7pmjCmEml.cs","1120","55866","FCF3E20323DC3A8B0D3442CDAAA2122BE2B611F56FE712CC8F9FC6F03AEC6B33"
"plugin-core","plugin-source/v10-source-restoration/AsyncFileWriter.cs","81","1671","F2C4C710B211BE005B3346DA9D319B19B0B963F48386FB8B7A71021FC8050E88"
"plugin-core","plugin-source/v10-source-restoration/B2uVXfUco7vjsxVN2Bc/yuKf6DUSQGygKeLSQdj.cs","265","9045","DD81673C1A3A6A87848A8E9D44D3BA83AC009ECB0D9D6E6589659BB8C9770679"
"plugin-core","plugin-source/v10-source-restoration/B6XRmUwQK7iatdTWLwc/FcVoHRwOVsflDmDUQOP.cs","554","21297","91988F8992BE461853704A1BA417DD25F7C813D90A650E6A0A4E187BE043B6C1"
"plugin-core","plugin-source/v10-source-restoration/bDlweAW3n8LaSgX06LQ/xKp3aGWENEfI6KIHVKi.cs","476","23242","11CEB65B68B2D94FB5AAF9F96652BC5D75EB918006FC24148DC2F7A478349FF9"
"plugin-core","plugin-source/v10-source-restoration/BGhBD0gD74LP7ipJlHq/fVqwXQggUYVTT0a25N9.cs","26","358","303189A57AD81174A12DB54BCD17C8D5A49A378953A8830F62FD0A7F097B7B9D"
"plugin-core","plugin-source/v10-source-restoration/BuildIdentity.cs","31","1271","4DCBFB57E23BC8D53528ADF3AC0EEC487790CB8117EED575214F2E58C80381EF"
"plugin-core","plugin-source/v10-source-restoration/CKS3DKsTBrUPphoeWmS/L4IbybsayJA7RG5d8t7.cs","881","43061","88AE0E43510065C38C532B66735F265724A92B10BB4C3136B87F701F26F51E6A"
"plugin-core","plugin-source/v10-source-restoration/CrwA1FwcYB2ZUOWYe7I/VYkVdJwSrcOTHUW8BPK.cs","107","3723","C4B7B3579C3A40AB4B0CDE382AB5E3D470C03F888B8A16D85D0ECA53E42BD0C2"
"plugin-core","plugin-source/v10-source-restoration/cVS5v9gmXX8TceaB2WW/GyJyg8g24jqCD31mjD6.cs","78","2422","FCDA0B228E774B26B0325B4EF8699B7EA4880E01D32343FACE25D6C4D280E980"
"plugin-core","plugin-source/v10-source-restoration/cwZ0hNl9X9ytQCThyJG/xloVkMlT29HN5P5svHC.cs","143","4980","AF549BD554C8C5CE3D89EA10012656BD1F7EBDF680587A33C7098DEAC10C8627"
"plugin-core","plugin-source/v10-source-restoration/DB.cs","8082","522433","4931F0E16F97911005106FD3598B9B7B4805AD231C89B12DC15D3EE091E78ADF"
"plugin-core","plugin-source/v10-source-restoration/dgvsPcDEiqYFlrnMMor/VuI4pmDQ6nQtpDAauah.cs","137","4890","D9E01AD13E5E1AC8587C223BF8DA85BDBD87996BF2889E105C1AF138029D88F3"
"plugin-core","plugin-source/v10-source-restoration/DictionaryExtensions.cs","20","411","2B3C7DA2557BF542AEABFD6ECFC4E9C97FE70EEDD5954C58C4A40D7F9A38A282"
"plugin-core","plugin-source/v10-source-restoration/DJSDSfPXqEeWUbk7E3C/K4HiDVPP9tJuZMVurTv.cs","32","592","6DB5ACA670AA6DC5EFD2774E6D55FBCEA387C3C8DBA9AA2705F2F8C28DF2EB00"
"plugin-core","plugin-source/v10-source-restoration/DRafti6FMxQYhxQAQHW/KmvE5t6XclSPSYZqqE9.cs","557","27631","09C5FBBC64ED9D3E0A72689ADB7764BEF6D4C937D8962B73E2077414D92D9D1A"
"plugin-core","plugin-source/v10-source-restoration/e0doDBPcMgtpMeHSpJ9/c7Xa6tPSivhVGSOjZvI.cs","18","296","0D0C821CF84E311E6CAC204B4D3B3C64B0DD47CCCFD6248D51324B415E631DFE"
"plugin-core","plugin-source/v10-source-restoration/EffectIdentificationProbability.cs","38","1074","4F47372927611AF8A16933FA7DACCF82488C9F25F529148931B22FC413A509F7"
"plugin-core","plugin-source/v10-source-restoration/EKROCVD7DRi8Cx5mpUu/Rfq62uDvr7Ur9Lpyctd.cs","1116","59345","58F62D0AE893EAD96DBBCDD0F471F079E19D158D85B8EC2EAEA09855F5E960BD"
"plugin-core","plugin-source/v10-source-restoration/EoNAUnGWS8H1K1ckt64/i3kWo8GUakCSddRpyDe.cs","1007","37810","25E4B2BA613C4BA7C78BAA915B472FB7F87D3BC800C168527842B2FB4C48D069"
"plugin-core","plugin-source/v10-source-restoration/EquipmentRealmAndBackgroundSelfTest.cs","49","2704","D5708199BEFDC4CB1331444839FA9A3479323A165EAA7F8E438E955FC807A215"
"plugin-core","plugin-source/v10-source-restoration/eYLrotRIovAGM9lAtVf/AZI1HsR8MjRfegmETY5.cs","1146","58968","08DFE5D83FD28374179ADE723E4EE1E0F6618ED64C36D2BE021283F687F6A500"
"plugin-core","plugin-source/v10-source-restoration/F2RFuVfrhBPBhCG1Yrv/hQdJQufqsH3l9bnUemG.cs","977","102230","C904EDF9345C43388570A20F0191465F8ACFC2DB891BAA2405D204F8487A620F"
"plugin-core","plugin-source/v10-source-restoration/fko2rGl5XRonNTCL8b0/S0U8ESlnAtMSWsCIoNo.cs","72","1937","21E5601C38E2F56097078FEF23F8B8D4F22B9A569CCD422FAE0286E930767F1E"
"plugin-core","plugin-source/v10-source-restoration/gEdioZfkTLM2TXU6jgd/uh2edhfVGtogUy49Lpv.cs","540","25886","8B9F28B58404E66C64A69C9E5EFAFC8A8555DABFB6954E2560AA1E0BCE705A50"
"plugin-core","plugin-source/v10-source-restoration/GJSyJYUDOfxE331QwT1/EfHAVFUgqrnaj1QwnLW.cs","517","24891","766E540D59AA3108FDC38435C49654DD5FE6CD5B322F7AC181F4213F1ED400A1"
"plugin-core","plugin-source/v10-source-restoration/H0Y8GEJQx5wfb6t3alR/MtacAPJOeul0knZiQar.cs","803","38750","411F493A00099C5503BD0179BF876C9E9FB3E3A786555EA9230E9CF27E8AA737"
"plugin-core","plugin-source/v10-source-restoration/HFspcYP6a7eV02Bqki9/R9JahsPfG8fOpxcFGEq.cs","19","359","4AD8C9F2A950F948EB73B2B4A5B1C1143115B34C2AC74078556F15F08C93CC28"
"plugin-core","plugin-source/v10-source-restoration/HS2GfXB7hJCX6tDXuc0/mDs6hiBvFvG3CRi3MZk.cs","836","43817","D7C74C56A99EBC961035F08903678D98F2C50F4478C4DEB62EAE88174FA42266"
"plugin-core","plugin-source/v10-source-restoration/htk7ADBGgMdoyiK2inI/wki1dRBBTGa2CXII175.cs","360","12090","B5D594602A3EE0E254607517CCF0C5D34981F625EDF1B62E2D7E481AEF14A36C"
"plugin-core","plugin-source/v10-source-restoration/hUWm54DrC1dskj6PIsS/QxBx5YDqZUOBMg9A6NN.cs","2096","64938","580BF132A18DB373CC7C67B758DFF30918851DF0D7A0B8134CF7ABA9C93901C4"
"plugin-core","plugin-source/v10-source-restoration/IntegrityGuard.cs","117","3280","685805C06779C1C896A3480EA787B81066423DDD3DD79F02123DA8A693A33F84"
"plugin-core","plugin-source/v10-source-restoration/irBd2ubEj0IMVbGRstp/cGiRplbQfaJV9guWDIS.cs","490","23976","1049015CEDDA70BBFAAA1542EB520D414716D16E6DDC0720FAED52B6A08DB019"
"plugin-core","plugin-source/v10-source-restoration/ixYEhcwWIdwrtDxOO94/MbtVicwUkp5LuxTooFW.cs","1517","92330","FC0C6A6719A52F079CEF3C54F50D26C7FBE3C06A9F35A85166F06E5ECAB8C7C4"
"plugin-core","plugin-source/v10-source-restoration/jVVIM9j1PL0VAliGELE/fK6mLrjpv26MU2YIIF9.cs","91","2804","4B9E9C88599AB756558183E8CCB1269BAC595ED95753A0D0ACC275E0573ED540"
"plugin-core","plugin-source/v10-source-restoration/k5T7tDPmANgP0PhF5lA/ohC2PMP2AMYhRx0nf3H.cs","19","359","8490F070E15DBB82E376694C9BFEE4F12F1DDAD1FAF0DBFF6842B43501A39896"
"plugin-core","plugin-source/v10-source-restoration/KEvDjBdeoLOoBKWXFAH/iRGieud4qtscW6ESmxk.cs","1911","92486","9E24EED5677B53EE399CBD42D36697DD99C0EB510D80B52D1F1402F8CB3B4E9C"
"plugin-core","plugin-source/v10-source-restoration/kNOi3Vbgo4LTDja4YFk/KU0aMobWe16QEEmpLCj.cs","489","23237","C59726D11B86B2A5AF7FEB694FF5E866D7D13086B55B06D5DA2DACA44D5B803C"
"plugin-core","plugin-source/v10-source-restoration/Ldau4kRn6nFHhj6A594/S09daDRcFbnf5np5xrV.cs","100","3818","3A89549BF70D5B3796678DF0C1EC01F35B979ACCE798639D1C9C24714594449D"
"plugin-core","plugin-source/v10-source-restoration/LicenseBypassSelfTest.cs","18","533","444B4C93B2F7194617758FA1D177FDE57F74E1762F168759D040B75483A33C34"
"plugin-core","plugin-source/v10-source-restoration/LicenseClient.cs","517","29717","59978CDFA1FCB4DA05D883C5BD0F49080EBF212FED389D05F10CE999E2FC1EFA"
"plugin-core","plugin-source/v10-source-restoration/LpZ3AarVOTSw8FiAAE/WI2SZ8qRj7MBmbqI09.cs","151","6566","0DA81353D878AE4D6B44806C11B74C77F0227EF3DE424B7351461D7BE08C6691"
"plugin-core","plugin-source/v10-source-restoration/MainService.cs","435","16440","1A16F82143AEEAA0DCA2CEF09D26518B09DFF00921EDDAE25228DCDDF662A49B"
"plugin-core","plugin-source/v10-source-restoration/MAZG7tsAp4qxkk1uF8R/FBGRmlstyRWQdqi0pHa.cs","2180","124991","A9921603A17EFB0FBA01851C7C5BF1F30BB7C6776CE7B1EE73C7C642BB573C17"
"plugin-core","plugin-source/v10-source-restoration/MGlqQ3brPEBI9uuUVKc/APqDp4bq1ecVdMifnI1.cs","840","40254","2BDFF12341778A3E23D81A0557237ED6FFA23F919A8514B14A44200B70FDE637"
"plugin-core","plugin-source/v10-source-restoration/MOuTmqw7qFKlAkRNasG/OxtnHXwv6N41rhEtfdc.cs","341","14382","9B28B3B1F041FFCC7EDCD206AA193B7BEA95DD690F59451D722670A0FFA63337"
"plugin-core","plugin-source/v10-source-restoration/MVQJIyPdgrEJCZw0jdL/daXcYXPRNb5pcIIom7Y.cs","17","228","0316E5828CF0C94151BD3AD626ADB3D4F7708C2BE85173110504993156E6D862"
"plugin-core","plugin-source/v10-source-restoration/mxyyZlfUTTOCu8Y4ZsN/XhaJ3cfswGhhnmIequv.cs","496","25397","F72ADC5BC85BDE67159E718218042B027D2670E00BD84D07208C1CAC408CB1B8"
"plugin-core","plugin-source/v10-source-restoration/MyFccClient.cs","47","850","90E24DFB952F36079DA3CC4842ECD739D67E90FD8D8054CC344F87F5A913355D"
"plugin-core","plugin-source/v10-source-restoration/MyFccServer.cs","38","664","120A0283969F6611F91976D95EE2F75A026AC3D8DC6990D77EC034633846F7F7"
"plugin-core","plugin-source/v10-source-restoration/MyFixedHeaderCustomDataHandlingAdapter.cs","39","599","6ED14033ACBCC201B08DF19D77BFF6CEC9170869F5C7C2CACBA7DEA1F78FE7A1"
"plugin-core","plugin-source/v10-source-restoration/MyFixedHeaderRequestInfo.cs","160","2757","150F12C0754E659AA8399B550C10641734FCA57E3DF5191991F42981E1394AC1"
"plugin-core","plugin-source/v10-source-restoration/MyGdTcpClient.cs","305","8127","E7D9DDB28551744112CD7C21602570E790AFBCD6EF26A722D42FDC8E959E5982"
"plugin-core","plugin-source/v10-source-restoration/MyHPServer.cs","110","3345","ACA42BE638238633538B0ABA41C9F238C54FAC5E4C934C8D4C43E94EF94B230A"
"plugin-core","plugin-source/v10-source-restoration/MyNATService.cs","299","12600","4DAB65D6632A601C1151169E14AB930FA76983DD33784FD939924D5B0AB8F6C9"
"plugin-core","plugin-source/v10-source-restoration/MyNATSocketClient.cs","938","36039","DA580C0BF9477A73FD72308509A783BBF1244AEAC5081C0FCB9EEBC4084A980C"
"plugin-core","plugin-source/v10-source-restoration/MyWdClient.cs","354","12640","162B8E6C53E9C65617E1D9182751F931091369A372D62E29B3826C5D1F2EF428"
"plugin-core","plugin-source/v10-source-restoration/MyWdServer.cs","22","320","CEF6A6BE07AFD37FF4F795785AC96F77DCC7E62E626E56E9017E96E8077E8000"
"plugin-core","plugin-source/v10-source-restoration/na6bKIshZPRKsEOcVLd/pHYsMfsMDubZLMGsWi3.cs","136","6012","3C8BEFD581D6C71039A093EEE993DB1A85D0DC5DDDE35D8BBB43EF98F203FD36"
"plugin-core","plugin-source/v10-source-restoration/Ncq4nMwbH5sPfLR2xwf/BsbfIlwwf1YnPvbq8GT.cs","76","2221","BF4D1BDEBA34FFF7D34FECB3EF647E6E0A0A719CBC075BFF4D1889C0C37E60A8"
"plugin-core","plugin-source/v10-source-restoration/o6qwVWbu5whwUP31LfM/FusVSwwzpuFHNrjHS7T.cs","462","17058","FF603957A805C322E3F38C29A23DFBAB8F6E2828C84DFDA08CD2B0E7B3ED9505"
"plugin-core","plugin-source/v10-source-restoration/oD4clDRTQefJRr5ZWcn/kiRLsVRav2fdZtuUaY9.cs","26","474","7C7B16748DE6E9E9A8AD562890D4D22A98E4CFDE61ECD67DF540D43B69663095"
"plugin-core","plugin-source/v10-source-restoration/OnlyTotenData.cs","72","843","93CCD2750BE3A8E3DA1623209EDA0AE9277FDBD5E69FA3D0638F7490DD2FAD68"
"plugin-core","plugin-source/v10-source-restoration/OwjyAmRhZ9nO8Ec0bP9/Xh4EKmRML8L7x53wDHM.cs","292","13549","91BBE30D7CACEB1F4F0AD229F7FBFFA871823A461C5945E6CACFD6687631D98F"
"plugin-core","plugin-source/v10-source-restoration/P80h4IDRZbpvERvsoap/pN4kvFDKqDQRQBnO8BW.cs","693","32508","E36E77328F4C2100A3F6263A5E5AD3E8F336CB2A54282BE35C15722FEA21979E"
"plugin-core","plugin-source/v10-source-restoration/PaySDK.cs","240","7820","881B9A3EDABF6AFA24430AAFAD1500DB00B3D447D5422CC1679F69E7463ECDFE"
"plugin-core","plugin-source/v10-source-restoration/PB0xx2KvGeQt7ty6y1C/FoohJvKhxbMTfceeiIF.cs","2380","131141","2A2E3500278D97D989DFB164029C400D93E940671860D499527F592A73158455"
"plugin-core","plugin-source/v10-source-restoration/PJ8VymWjWDfaUUlTW62/lrYK0bWD4sTSDkaJic1.cs","497","25273","F4BBE9FD56C406A18D10AD204CB2F0DC51B761204E9E77C09C85DDCBEA814871"
"plugin-core","plugin-source/v10-source-restoration/Player.cs","35","469","11DF07640A2B4E66CC841B24C5F20B1D539549DA3536CA5232D970D709DC513B"
"plugin-core","plugin-source/v10-source-restoration/Program.cs","50","1718","12D3FDA42DBFFB9214FD41A050E6D38BEDCBDA16F47BE4D3619FC7A5DFF3890B"
"plugin-core","plugin-source/v10-source-restoration/Properties/AssemblyInfo.cs","13","437","753F5676FE69530AB62C49CA9CA1FA80DFBD94F4EF232474DFCA7F5956226B20"
"plugin-core","plugin-source/v10-source-restoration/q52xqsRVVwmOLlpWkb3/t3Hr1lRCL4Z1QF9uWXP.cs","7582","426177","873523D16705BA7C90C128160BD8DE400D57B92138AD7B4183062C7C6E87D44A"
"plugin-core","plugin-source/v10-source-restoration/qP09WjBc7nUNQOcDDy3/L1ya6XBSPGoekkP8WeX.cs","1086","48625","7AB2D0C03BDBF78DCBEC7ECE4D5F80EF6972D39C954C1FC8741800CA29EE743B"
"plugin-core","plugin-source/v10-source-restoration/Qr1S1xP513XPErv6EOq/qEV9ruPnCKv2MmVmelU.cs","37","483","6C18CD12939E7BB27E80F85ED442835A3124FFBB7A86E032C9D3F0AC832441EE"
"plugin-core","plugin-source/v10-source-restoration/QsZODwJPWinsfjttlCn/OKaMOvJmaKgK6WqoSYv.cs","561","26127","3ED1C8BCC3E50456A2692473E571EE6B9AA9727E76C91336FCECDC8726774EC5"
"plugin-core","plugin-source/v10-source-restoration/QuSFUe6R0602j4mCi3W/V5YtDM6KCytDucgVcpG.cs","477","11102","BCC990F51CB0ACBD4C7774308D1FDDDEA21EACEF95BF7FC707FADF8CD822A1C3"
"plugin-core","plugin-source/v10-source-restoration/R0F7EJKsPwFRj7h6amU/svsUCqKdlsQkBBIo3St.cs","866","38989","896CBA67706E599454F8CD9A32ABA5D4F2DDE3E346E403F49C7869C74A42BA08"
"plugin-core","plugin-source/v10-source-restoration/r6H7Ets2Rns31EhC17Y/sUhuV4s664O5VhBMqaF.cs","324","14761","C7738651B5D5CCE901DA6F30039F749ACFEAE794739C9EA503E0DAD11E2C01A7"
"plugin-core","plugin-source/v10-source-restoration/R8lTaqgbEc6MvH2j6n0/p63Ra5gwg6vJ45gPiim.cs","1120","53900","1844E05064B5EABDB9C754196BFDCB0125C5CCD23142510D34C1AFE8D81FF910"
"plugin-core","plugin-source/v10-source-restoration/rNxGErgTwcV0cyHVsjc/xxsAZpga7ronqw5ilvg.cs","68","1810","14DB7DDEBA95108733C457474FF3348D0D02A7E918FB68F9482E1F76D175FB08"
"plugin-core","plugin-source/v10-source-restoration/S0XwWmgI18jlYE3IPoe/VlLcswg81JdPCi5w8lm.cs","173","6220","26E5311A59902E689CACEE07B33CD9A26722F2D3C1F09B3CB3BA62095477047A"
"plugin-core","plugin-source/v10-source-restoration/s4E8DnU2AI3UWfigLPZ/pn8GKqU6fTj7IRdG6Bm.cs","82","2350","EAD7B1C82756F397900EFA3D8D6FF3A6C563E6D9AC1630748D6EF77BA7E8FC1D"
"plugin-core","plugin-source/v10-source-restoration/Scene.cs","15","161","0FD98A079A8D7C9C48C03826848F6122B2C3C7513B3787AB8DF997460A8CBF28"
"plugin-core","plugin-source/v10-source-restoration/sCX4wSPLmO2yCr94XA7/Vrt2KZPFEjZcXOsXJFP.cs","32","592","96F5B6090259919259FBA5B81CD3741044B2E63E52A2EA50C4BCC3A40B46791F"
"plugin-core","plugin-source/v10-source-restoration/ServerCore.数据处理/万能类型扩展包.cs","127","7943","552A2967199CC62437DA346E9260F4195C2FA536F0472BB2825E1C9A93B464C0"
"plugin-core","plugin-source/v10-source-restoration/SGIgOgiC7KPqObpOnGQ/z4BxVniyeUkxpq0lEyg.cs","1721","77678","D1DADFAC98FFE8E7C3CA57A57181C07D88C85A8686D72AC8EFF5A9A942CB1470"
"plugin-core","plugin-source/v10-source-restoration/srBApEg0K2LqE1QaSFj/RdU9KHgkxD6vGY8ZRKE.cs","188","7476","63293142B45B22DF94CBD8276FCC913445CC887275B84C61FD648B90BFA74673"
"plugin-core","plugin-source/v10-source-restoration/SuTsFOBHSZNdBh5bUZB/mQEQjEBxYW4SsAecBHJ.cs","1600","81211","8372ACF75D4B1774121BD8D4C43D780030D2F913DF39ED8192510F6AFC78CA14"
"plugin-core","plugin-source/v10-source-restoration/sVcPYnW2a67ob5mDj4x/TOqsYfW68LIGjCtAgK8.cs","589","29590","FC4412BEBA1885AE3F18BBEE4D661D0F7CEA1E73B16C2A6A6A50DA0FBEDD2D7A"
"plugin-core","plugin-source/v10-source-restoration/swC6eeDmDlHvujbhoCw/SSW8tHD2MvRIUVygbNo.cs","212","9419","261EF644DB2A1AB580132E12AE79BACF2FBA567C51660DFA59405255FC51CE7B"
"plugin-core","plugin-source/v10-source-restoration/TamperGuard.cs","30","797","521F5A9D4DCBC10178E7CE2235FA9A964D74928147F83384D31477AAA90A6007"
"plugin-core","plugin-source/v10-source-restoration/tcyZjSPKX1FBsDmDj5G/jL06RIPJKJxExn9v2DK.cs","7","77","512A7CCDBE7800B07F75685F9730B9E4D72B33460EA11A4F6C5C66B2225C67D6"
"plugin-core","plugin-source/v10-source-restoration/TimedDungeonService.cs","929","31990","542597B261BD3E1209484EEA333B58CE3A79E7610489E4F3DFF3788FB2A10242"
"plugin-core","plugin-source/v10-source-restoration/tMMEyfgcW4XCGjj522C/LaobQfgSrA1tYPe60GA.cs","124","5041","BA2F88F674B8C2235D61719B272ACAE041963E22C824376D657CBF5E6BEF0C31"
"plugin-core","plugin-source/v10-source-restoration/toQ8V2mpp5YowV9pIRs/L7bjkomYbIEtIsFWfMg.cs","18","298","7975A603FFB478B0021D3AC16FD9E872851B1535379A1D35159299E31F4815AD"
"plugin-core","plugin-source/v10-source-restoration/TrialCardAuthorizationSelfTest.cs","25","654","D9DD47E1CB59F3AB305752C48A1321EFD5D522C818384BF17C339B7AAB8EDBED"
"plugin-core","plugin-source/v10-source-restoration/UbblDNG1yFpxk6Q0ui4/YHfw7nGpg7WfdCBKDH4.cs","1616","85213","FB46C5BED889B752F208593F894AE157B2AE8A618A4CD63C50FBD4E7E3547977"
"plugin-core","plugin-source/v10-source-restoration/uI75fJjR7A2e7wWdq9f/zeYnwTjKgpmAbfSQh5J.cs","2071","108862","4AEE1006FFCEDA9B221CD608F445F022BDAC6E447BDA9FFCE1303C4800AD4BCA"
"plugin-core","plugin-source/v10-source-restoration/UQuLZEj71kRGhQn6jmQ/fFv8GpjvE2cusnNqivq.cs","580","28261","3D8F548644720083377AF7B5535B50DDD9235EA1C2C626ACFB453096BBF9FCE8"
"plugin-core","plugin-source/v10-source-restoration/URBdSsmG5TyjafiaVMN/p2me1nmB6EHn6K5BtuN.cs","152","1929","DF1BFC560DCB14225886DBD3ED3ADF011FC6F28B54203D2E8C8B68736454550D"
"plugin-core","plugin-source/v10-source-restoration/vBIs2Rf2vSSk1OdhoS7/COyX27f6L3uCF3F6Kp5.cs","3107","139875","85CB2508FF85E9DDD9344776AC49BDEEDF0B851C8E981B9AD51AC1867BDDE50C"
"plugin-core","plugin-source/v10-source-restoration/VcF0pbBvJqp0x0IfwN/fuMNpgieFTYU3Wah53.cs","107","2974","C85DC5B212FA8D5EDA408D26E072158189BF01F8AC2D1D3D8665DED71E1F1267"
"plugin-core","plugin-source/v10-source-restoration/vEAdPGPTkDFOYsbi303/mEdebOPadFyb5ykL5Wy.cs","218","9235","9FDB5933404144153EA053C4E992C56CD06C1F48BEBDEB81108BC5D2C1313AEB"
"plugin-core","plugin-source/v10-source-restoration/Vk8yS9PU6iPVKlP2T4q/NBtXhDPs9hjxGFBpBEV.cs","74","892","23B4A293E711456AB5C46217EF7CB5EEA527DA455521467F1E62B1D8A2D83F73"
"plugin-core","plugin-source/v10-source-restoration/WbRTrCLpc2rxKDLScV/EMBQv9FAOd3LKHwy7T.cs","78","2558","C42EF8F738F1B83BD0622E7D571C5A9C3B6C20E4D7A784BE7ABACE4CF2B09000"
"plugin-core","plugin-source/v10-source-restoration/wcxwepjSDDAt5sUJfS8/KB0ManjLR9N2YNMntee.cs","170","8041","46F9C156EA8DE70FADB6D69678AF2740C10E5FE9EEF00320DB3325918C296855"
"plugin-core","plugin-source/v10-source-restoration/WdAPI.cs","4887","195606","2B86331FF8EA4C9E304A863E98E52B132F54E9D753AED574889FEBD1363BA661"
"plugin-core","plugin-source/v10-source-restoration/WdMyFixedHeaderCustomDataHandlingAdapter.cs","39","611","903AAE07B7A1E6DCCD61C8CAA9D93E5FCAD845156266BCCEA7BBB2036AA8CC31"
"plugin-core","plugin-source/v10-source-restoration/WdMyFixedHeaderRequestInfo.cs","156","2764","CED1FA9D5E3C01DEB7C868024C4DF97238172DF09E3DB89133AE6AF398AB1C6E"
"plugin-core","plugin-source/v10-source-restoration/WdServer.cs","3681","124174","4EDCB12B559EC00169929F5483865C3468B3713816D07D3E3F4AC9195DA117E2"
"plugin-core","plugin-source/v10-source-restoration/WUi9QivDmyMdpkvOap/UuQEWHhexEnQTYynfh.cs","1997","108510","0F688F67101DE0E818C5A6EAE50CC800DC4154A4E118629185CA7D5EC6106F29"
"plugin-core","plugin-source/v10-source-restoration/xjMDbr53dgFg8eTWhG/HCrxJFnoveWsmxYAyd.cs","103","4530","9D367AE6817D1E249230532DCE97590C50C313630FDE5F2646ADB6FFD617FEBB"
"plugin-core","plugin-source/v10-source-restoration/XmlaCcmx3LqWxDTk90D/UFZtQfm1f8hPmRppiiW.cs","76","1022","214693FA016EBFFB1ADBF0FDEAE390402B97110D3FECBFCE73B98A957784E2AA"
"plugin-core","plugin-source/v10-source-restoration/xqlPMM2TJRNXpZnNDFn/Ab7Ypu2aCcHMcLPG8Um.cs","9684","382900","4D1AD21B40ABBA5EBCDDD377F8B82365FADCD0FF2C9549ACDFDDDE420812847B"
"plugin-core","plugin-source/v10-source-restoration/XWKUjNiqpjLqc4emuCT/xH3TPsiexTnpJAMMnJm.cs","844","40168","967BE44E2B766507F069BDADBCC437A428BBE8AE69CA7729805C750E2245E1B8"
"plugin-core","plugin-source/v10-source-restoration/y24fbEG8KTuMIdiCbG1/OmF9SPGlN77YLFkkoqN.cs","1769","80883","5CF4523C39C53D32B868B3206926FB204562CBF135D8FE98D6C867482CC3C92C"
"plugin-core","plugin-source/v10-source-restoration/YHD6B3jthayZBFfLsaY/DB9OkbjZMmmdyW1KQMk.cs","927","47610","F3A57497AAF28C680CF1F137118DCAD89BB82548A2F478C15A12D5FDE0ED9027"
"plugin-core","plugin-source/v10-source-restoration/YiLFP4xGOZy9p4dVlP/qWJBSr1mUIDAkQ6sSS.cs","47","1090","4C50D949F21304EFE7FFAA06D9F37AD696A7EA08018ED4779A9019454A8E0A2D"
"plugin-core","plugin-source/v10-source-restoration/YOheREbBnDq6LvvWZEr/BpcEfFbiGBBV3s2B0ai.cs","1429","74865","A69FA43CC7861BFF89FB9ECE38C71AABEF3FC2B92D3933FC16FC7247B640DE33"
"plugin-core","plugin-source/v10-source-restoration/yopQYJj0MvaHRRJcMLp/pGS3mljky49pI9pArc9.cs","75","2039","B2B5FC6E3928751B513A19B81378A8E53001E94581CE9FCC9C746A2B3AE4A48C"
"plugin-core","plugin-source/v10-source-restoration/zA970iRwZCxW0g6uljn/U8hGTORuviqLJbXPJ0Y.cs","773","37131","D7E2E1FB1C44365E11CB1B408C81DE326B6D01F515A82D18DCC09306C87B1D3E"
"plugin-core","plugin-source/v10-source-restoration/中州论道存档类.cs","55","1322","9CAF811CB2B5A9412DF09D1962BBA7F56E600B7345090577992CA9686A048C55"
"plugin-core","plugin-source/v10-source-restoration/乾坤袋数据类.cs","25","383","0511AAD18D8493ECEE18BE6AD537CE12E55002B3B9C5F03727374B837E274EAD"
"plugin-core","plugin-source/v10-source-restoration/人物基础数据类.cs","122","2330","0D7C69C89C64FDFF5F0712C25C452CC61752D93E4CA2D56552FBA4262C1F52CC"
"plugin-core","plugin-source/v10-source-restoration/人物属性数据类.cs","138","1919","A5C68C6AC843EEA32ED9F88F6293CB8F049EA0E383412EEA585B27BBAF8E0B89"
"plugin-core","plugin-source/v10-source-restoration/人物技能数据类.cs","20","366","F886C1EE1F0133228B30224817CF20F197BD7AECEC57B43DA1AAD2770DFE21D6"
"plugin-core","plugin-source/v10-source-restoration/人物缓存数据类.cs","227","5067","2C159F66BC75E152100FCF8DDED9C4349ACB06C17F686E652C9813CBA42DF2B3"
"plugin-core","plugin-source/v10-source-restoration/人物背包数据类.cs","37","683","0A0D92AAB5B96E5CAA15ED0639F8BF973E9007EBD705D3CEEE61ABF49E350682"
"plugin-core","plugin-source/v10-source-restoration/人物队伍数据类.cs","20","302","078AAACEF40E01E45DA3925B6EE3BE1A5FB5ED072390FF006BD0994395B261A5"
"plugin-core","plugin-source/v10-source-restoration/元神存档类.cs","50","1173","EE06257190EC1D1EC9CF08CF6C73EDAAC39DB1AF4BA181B586AF58A385A100E2"
"plugin-core","plugin-source/v10-source-restoration/全局变量类.cs","685","21624","833CADB4C9D87AF468807A8C394C11819B07BB993A048BEFBA5654EFE5DB41A2"
"plugin-core","plugin-source/v10-source-restoration/六道轮回存档数据类.cs","43","1100","89C7524E57DBAA783B3BDF1BB8B0D23445A5B73AC0A34A73276C293FB36768D0"
"plugin-core","plugin-source/v10-source-restoration/召唤数据类.cs","28","394","CE6DD47D802F16F4BAEE580F1BD014F0434BC3A0104264735BF921B12DA9AC90"
"plugin-core","plugin-source/v10-source-restoration/后台验证交互类.cs","73","805","E94EC6D61999C06968C436EC91FC1A19A5BD47CE437EAD6112897F06BF0C31C2"
"plugin-core","plugin-source/v10-source-restoration/奇宝斋存档类.cs","16","194","3ED2B0F7B343B677714CCB1533764FFAFC2E4A2DB772058D030C97689CD2E4B5"
"plugin-core","plugin-source/v10-source-restoration/妖族化形功能.cs","79","2088","91540B1C69F6861A4AFE7A86F0E2B6989F5FF6B580BF05FB857935CF59044A30"
"plugin-core","plugin-source/v10-source-restoration/妖族化形数据类.cs","28","371","D5E2718519D60116BCA465185AA41357E890A9F309B600A22AD711C5870D6A2A"
"plugin-core","plugin-source/v10-source-restoration/娃娃缓存数据类.cs","66","1117","1F990D3A36A2A1E200ABF17270DFE5E567C3EEFBE9875DBE9D3A3875306F04C9"
"plugin-core","plugin-source/v10-source-restoration/宠物同源数据类.cs","18","251","2AC464BC2BA1DFA8332E4433BDFF4CADE5610D29177CF4ABBFE4F0C183B74DDD"
"plugin-core","plugin-source/v10-source-restoration/宠物存档数据类.cs","28","513","48C6C1187DA4C1EF70BC3F94356F4966FEC54D9630E4675B3204EAB92BC59F74"
"plugin-core","plugin-source/v10-source-restoration/宠物缓存数据类.cs","203","3578","D5D37ECDDB513411841557BAE64C891390D9F4EED1B7BB8C344211C88062BC49"
"plugin-core","plugin-source/v10-source-restoration/宠物转生数据类.cs","20","255","E98F7AF3CD92EE18B1813F26C50E66AAFF7C157191AB6EAEC59CCA2ECF340EEF"
"plugin-core","plugin-source/v10-source-restoration/属性数据.cs","127","2348","852B35307699F54C0F13D8361A3395D67EF5D99054553B0558B4D2947D8BD0B4"
"plugin-core","plugin-source/v10-source-restoration/属性缓存数据类.cs","239","3736","BC444E71A588BC3BB9CA26D23C29C22C0CFD1492B571D091B7CE58B4ED011142"
"plugin-core","plugin-source/v10-source-restoration/异兽录存档数据类.cs","49","2105","41FE4D60CEB82C468CDF9D2B17FC661DAA2327978484B7A426B4C65977042585"
"plugin-core","plugin-source/v10-source-restoration/异兽录数据类.cs","27","420","9B4889B80C57D30D28DEBBC3A9CB7708393631D82BB2E9E67F86A4BDC96C5CE3"
"plugin-core","plugin-source/v10-source-restoration/打开摊位数据类.cs","20","260","95E7DC95C3ABCD393D371B204FA4AD2D9A4A116B9077801384D06493A12D2B43"
"plugin-core","plugin-source/v10-source-restoration/挑战BOSS数据类.cs","21","292","AAD2647029E47F18ED8C3C6BB9DC06077ED1606DB3851D5418AB07B8CAE5E1FE"
"plugin-core","plugin-source/v10-source-restoration/接收数据响应处理类.cs","1834","86882","68B7FC0CB72C69DE7D3831F824B7638D0A1DFB7A4D6A0A7CC87DB05EDDD2C1DB"
"plugin-core","plugin-source/v10-source-restoration/推荐拉人数据类.cs","20","282","183D36F937AB75349C383D871D2DB39071F97B9E1A32E78652044FC3C6D52DD1"
"plugin-core","plugin-source/v10-source-restoration/支付数据类.cs","49","877","1C16A8A0DDA8018DBB62B0AE707B24FCF5181277B101FDD3870D3F20188C4604"
"plugin-core","plugin-source/v10-source-restoration/数据队列类.cs","74","1144","0A0F15DECEA95A21EFDFE5C917098F08549DFA79CBB9C6584D9E80BE806611A3"
"plugin-core","plugin-source/v10-source-restoration/无双圣榜数据类.cs","51","792","BB47C03E25A60CF756B26B9B618A5C98E12A80D61695FC464CCB367FEDC3379C"
"plugin-core","plugin-source/v10-source-restoration/无双缓存数据类.cs","21","319","54822DA06D95F69AD517137B8EF43BD7D03F3908377C9CEE2281E2EB515F36EB"
"plugin-core","plugin-source/v10-source-restoration/日常存档类.cs","20","284","05AB7E1B8BCA6349384A53382A3F3AA171778E7A6B3825E2FB5E7030D80956FC"
"plugin-core","plugin-source/v10-source-restoration/染色数据类.cs","23","347","DB8CF5D7D94C8D774A69CA1B598B3FD22C4987713088C7FF6497418F7CD4544E"
"plugin-core","plugin-source/v10-source-restoration/洗炼属性缓存列表类.cs","20","283","E13C2CBC79D56C11E9384F027F11A775F93E3DC8A8341B9C4956EE653694EEA7"
"plugin-core","plugin-source/v10-source-restoration/洗炼属性缓存数据类.cs","26","473","73998B1DCFCE4714AF069AB56A4514E0CA5114253596212A64E961FF46DFB5CE"
"plugin-core","plugin-source/v10-source-restoration/浮生属性加护类.cs","44","655","C1136E12A3AF367DD7100D3ADAA71832E641389C671CA553194E0DA41BD8D7BF"
"plugin-core","plugin-source/v10-source-restoration/浮生录功能.cs","3179","168807","8FD159AAB2740C9B1B9CC240AE30CE607AB900CF7639DEB3096AC0FBCBD69EA7"
"plugin-core","plugin-source/v10-source-restoration/浮生录化身列表类.cs","25","396","CBE559E08A248E6B8ED5D3063D66F5A6CA7B11F9968A335406FB0C74436E6235"
"plugin-core","plugin-source/v10-source-restoration/浮生录存档类.cs","23","486","AF33FE5BD9E1AFC86E4A576F9209279777345EB2C3E2CC6E83A16EDF1B56B976"
"plugin-core","plugin-source/v10-source-restoration/浮生录数据类.cs","34","616","DC0C06ACFE585458A25D3C62C0F0E5D8BC2D6DC042DC29B54BB9EB397089E7BB"
"plugin-core","plugin-source/v10-source-restoration/点卡存档类.cs","16","182","F9BCAEF976942C48634DE5A351CEC166C882D88094B539E3444D2A7B85DBF3A0"
"plugin-core","plugin-source/v10-source-restoration/燃眉之急任务类.cs","40","593","504167CB13E08B987128C414DC97F4C9D69F74DB7A35F3F601B5408B632B6EA6"
"plugin-core","plugin-source/v10-source-restoration/版本相关处理.cs","690","32640","F857A26826C31F62B8C94D28B245678F57BBE4561896C01DF2D444B2DAEDD432"
"plugin-core","plugin-source/v10-source-restoration/物品信息类.cs","202","4232","E4B920C27FB4423573A19A5D7E85D8F78B9272F9D66128C5E8E9ACF0BE50017B"
"plugin-core","plugin-source/v10-source-restoration/砍尾怪物数据.cs","22","287","71373BB49F7AA80E2F6E973FA1E6D9CDCFD26E8E2D6B0A3502E0B0A95AD4B41F"
"plugin-core","plugin-source/v10-source-restoration/等级道行检测功能.cs","150","6442","17A119142D7A2CDFBE7A72B046132FB0EA2444A7AEF4DAAA8D62F8FDAE51DE80"
"plugin-core","plugin-source/v10-source-restoration/签到存档类.cs","20","259","28FC99BB577B3C9FAAAA07BDAB3F68BF738A41A94D1C1ADAB49F52706F9E38E3"
"plugin-core","plugin-source/v10-source-restoration/精炼存档类.cs","27","545","DCDED3E41BD2AB0637DF9BEBF9EC07F09FBCB86FF9C1CB6EE899938264DE8538"
"plugin-core","plugin-source/v10-source-restoration/融丹存档类.cs","28","347","A1E056AF6A32B37551F31E205679A3854D821EE9A77FCBC0B81009E5A0C05BD1"
"plugin-core","plugin-source/v10-source-restoration/角色存档数据类.cs","214","5611","656F9289DACC815FF18970BD04D2079DE0FE917CEEBCDE30E6208A6CFE48BF31"
"plugin-core","plugin-source/v10-source-restoration/角色数据类.cs","63","1579","AA91B25CE968D85DD174AC2E54740121EC342029B790C8C35255CA1D4576632E"
"plugin-core","plugin-source/v10-source-restoration/请求数据响应处理类.cs","1580","70544","CEF223D6762962C8AAB9C1540E5C4ADA196368E08FFB5E0CF2B2D90BD158125F"
"plugin-core","plugin-source/v10-source-restoration/超级NPC功能.cs","152","5050","D1445FDE810BD6ECF04C07B796584CE9BA0ECB708BA12FC08B59B2AB1CC8FC3F"
"plugin-core","plugin-source/v10-source-restoration/超级道具数据类.cs","36","566","3617555E879B1699204846C768C823A40DC86C18034C030B017B80FE7086662A"
"plugin-core","plugin-source/v10-source-restoration/轮回转世属性存档.cs","18","238","0AFA868250404D8DB8E8219E3EB30F7655E0E0E57DA07D7B859625D6DB9BE690"
"plugin-core","plugin-source/v10-source-restoration/轮回转世数据类.cs","30","530","548E9841211F0CFFB0A594BD1A61671A8017B432FE1FC29EFFE49EFEE2DA6EF0"
"plugin-core","plugin-source/v10-source-restoration/队伍成员数据类.cs","23","325","ED1CDC6305DDB32C16C19CEE5AE5A4C76211FB3151BF4E4678D05D51D9E99FE4"
"plugin-core","plugin-source/v10-source-restoration/限时属性类.cs","21","302","AD8C92F8F09C87ECFAA2823D81B0415B1C3AEFE67D73864FF415EDC5C8871657"
"plugin-core","plugin-source/v10-source-restoration/限购商城数据类.cs","22","328","D5282CBE3003B4836CED6B668332A45988E764DB1355309DAF182952B9FDEE9B"
"plugin-model","plugin-source/v10-source-restoration-lk/AllEnums.cs","1882","42253","886D5CFFCC16137CE522CA80301750901A62B506A8203C13A05DDA8D3A7B48CC"
"plugin-model","plugin-source/v10-source-restoration-lk/BOSS掉落类.cs","15","249","AAB4FAF1119463636F9E894502B76D3237AEA062D6FC36BE3614E81325BB97BE"
"plugin-model","plugin-source/v10-source-restoration-lk/ByteAPI.cs","837","21626","60FA2A2B8ABB35AA9BC668622E6A3094C9F22C0F74489CF3E2FEB5F0B1EA314A"
"plugin-model","plugin-source/v10-source-restoration-lk/CDK信息类.cs","15","313","19B0A332371F0854484EECBED3E26302D29C92C7F5B3FBB2DE22F62BF842F81B"
"plugin-model","plugin-source/v10-source-restoration-lk/CDK数据类.cs","15","256","400FB239B1A480A7B047DC1F3EC8DA5C76DF626F2712320BCEDE96B21ACBB395"
"plugin-model","plugin-source/v10-source-restoration-lk/MainConfig.cs","204","4737","34AB2FA1C12848D27C6DC850EDE8375A2A6A4AB0CAC32CAA504D12D4138E5FA7"
"plugin-model","plugin-source/v10-source-restoration-lk/MyCmd.cs","185","4948","EEF0484B022DB4F052E682C4FE2FE3D60B7C234EAB219572D339C075798EF246"
"plugin-model","plugin-source/v10-source-restoration-lk/MyWgClientInfo.cs","57","1128","A3651BDC58F081080ED354152268AFA530C1CFE26045B609FFB31CE9BCAE3A39"
"plugin-model","plugin-source/v10-source-restoration-lk/MyWgInfo.cs","11","190","4AE6DA270BFDBD69F5562BDD58B8DB59BBA0144F20D3D799994B34FD1DB04AC4"
"plugin-model","plugin-source/v10-source-restoration-lk/MyWgList.cs","69","1224","9ECCAE92F0F81F781CF6ABDCBDD7B697C8A975223B5C68B3B97B842FC70E64FE"
"plugin-model","plugin-source/v10-source-restoration-lk/NPC信息类.cs","13","186","A90DAF8ABC21BB4A308BC3EC6D29E5544A9E79358AFD51D8F9F0CF13CBECFC87"
"plugin-model","plugin-source/v10-source-restoration-lk/NPC数据类.cs","42","962","6D2B8C565D85B879CDBDCE0891D32A074058CBB28B1D193DF36BD1FA347BAEB7"
"plugin-model","plugin-source/v10-source-restoration-lk/PayConfig.cs","15","322","D704128B6A5C3661F7148EB3DB641CB425B9AF52044832FB6C4F53018C9A706E"
"plugin-model","plugin-source/v10-source-restoration-lk/Properties/AssemblyInfo.cs","13","443","420F36014933874FD95B86A5FAA978F6BD569A80FED62F82E897AA03CD698234"
"plugin-model","plugin-source/v10-source-restoration-lk/Singleton.cs","17","209","B5AD208199B9A8674BD1BC734C7B12F939999C1BF2CD5B3DA1AEF428E646EC6D"
"plugin-model","plugin-source/v10-source-restoration-lk/Tools.cs","104","2312","D4E68EEC0B192CCC998BF738D009BB2501B77D3F4C9933974A47902E7E7C2C67"
"plugin-model","plugin-source/v10-source-restoration-lk/一键大飞配置类.cs","17","372","ED7F6C2184C7F5E90E8296CF8D5E66C81D7A0333DE039C7BEF9B49B9FFFADD28"
"plugin-model","plugin-source/v10-source-restoration-lk/元神全服突破境界奖励类.cs","19","333","6D1477504646230111B849DEBAA91CF51D5B2FFA8C56EEDE7698745F39C63B0B"
"plugin-model","plugin-source/v10-source-restoration-lk/元神境界加成类.cs","29","451","0877F388F49387681F9A969BE1A4734EEB4F0E57E127FF77C26E7DDFD3DF22BE"
"plugin-model","plugin-source/v10-source-restoration-lk/元神境界配置类.cs","29","892","BA41AE0BF17741BA1FFDF442749AC220A839186B4CAFBE2CB0EFF1627C55843C"
"plugin-model","plugin-source/v10-source-restoration-lk/元神特效配置类.cs","19","346","BC971CDAD3EB03A5D87057328E6C26094EEE3882096D7E7A764E0009E795C225"
"plugin-model","plugin-source/v10-source-restoration-lk/元神突破特殊需求类.cs","36","716","93E238ED26A83DA06756CB4D905A85ABC0BA9438E9D451CC614E1B2F22E15D71"
"plugin-model","plugin-source/v10-source-restoration-lk/元神系统配置类.cs","41","1414","C274B337149FC71FB8F4E4CD8AD6E698C03837BA45EB5ABE0DB1C2759D88F048"
"plugin-model","plugin-source/v10-source-restoration-lk/全局常量类.cs","598","115502","D2D47007FC1467ED1D7D604616877BA38C1BA079F1ED974412366FD142E49774"
"plugin-model","plugin-source/v10-source-restoration-lk/全服共享存档数据类.cs","17","494","913E6858D9921931E6A46A269FBE75B461EFB4D4B6077F5079D82109551AC976"
"plugin-model","plugin-source/v10-source-restoration-lk/六道轮回列表类.cs","38","1119","BDE7401CCBA035017AA5E3FD73C940E10815696F0D7363C5D22209B147F9E9F9"
"plugin-model","plugin-source/v10-source-restoration-lk/六道轮回配置类.cs","23","516","517D6EE3E3357D385E210193CF93248453D01018D06FEA84AEEF3D70F94EC172"
"plugin-model","plugin-source/v10-source-restoration-lk/内充抽奖类.cs","11","196","269319CE06B207EC241FB56F7DB160D9327148790E182BC50657B136845CA8F9"
"plugin-model","plugin-source/v10-source-restoration-lk/内充支付配置类.cs","30","636","5DC5008738B5FCA884B80BD36F24A5109D94373A3979BD8AC454C3BD34E926D3"
"plugin-model","plugin-source/v10-source-restoration-lk/分解详情配置类.cs","13","275","9362ECACFBB0394B8CD6AB8D35484789D5A69CD064B7A021ED9018B2DA897AC8"
"plugin-model","plugin-source/v10-source-restoration-lk/功能授权类.cs","104","2183","1FEF297CA3A8704B186C489AE5F4D265BD86B75A04E4AFB6307ADB7AB3BF8035"
"plugin-model","plugin-source/v10-source-restoration-lk/升级奖励列表类.cs","9","121","1A7F18A1666F90988372D82DA81E1543FB0004F11AD4A7183B97F27D2B71C625"
"plugin-model","plugin-source/v10-source-restoration-lk/升级奖励配置类.cs","9","241","4E982A6D0F7ACD21116C1A37BA217AEFD8E3718A98DA8394E3F43A8B2D96426D"
"plugin-model","plugin-source/v10-source-restoration-lk/升阶需求类.cs","9","136","C9A8C3B7B54862E9103036920E3576269E3A99D20CB851618CAFBE46C1F3826D"
"plugin-model","plugin-source/v10-source-restoration-lk/南极抽奖物品类.cs","15","251","C90CB7CF6F127DF519C632D60B409BC8F7CB35179954CEEC7F79A96F643C27D3"
"plugin-model","plugin-source/v10-source-restoration-lk/南极配置类.cs","22","438","A8051647894EB7FF20331538A20CE4D15E1B6C49C4D67AC0692C96AB83D4AB80"
"plugin-model","plugin-source/v10-source-restoration-lk/发送物品数据类.cs","7","108","C097F72518632507122BB994E7D1158F8EB364746A3D7B2E6C729D80017E2DD3"
"plugin-model","plugin-source/v10-source-restoration-lk/召唤精怪列表类.cs","32","655","4D549BCEC8779A7B36711B8F7ACBBD6A5E48CB6A50FEEDD55652219BD0632A8A"
"plugin-model","plugin-source/v10-source-restoration-lk/召唤精怪配置类.cs","10","332","7B2B6E8FC4CC7E9CA1CAE1A39EED53BEF3FF381AA44125175FA278E75A6DF499"
"plugin-model","plugin-source/v10-source-restoration-lk/可发货物品列表类.cs","33","682","BCB8215EDD01224E8AD885A9969F7348F38836D32C5ACC236909ED076326AECB"
"plugin-model","plugin-source/v10-source-restoration-lk/合区记录列表.cs","9","153","CC8F3D09EC4ABCD90D835760B8BC16C5497166F0C3E0724181134DCA7A62A0DD"
"plugin-model","plugin-source/v10-source-restoration-lk/合区记录配置表.cs","7","154","5A0F83E31DC077CD7FE39202C5242FAAE37B82C44EFC25A9A6D66E6AC8026AD6"
"plugin-model","plugin-source/v10-source-restoration-lk/同源类型配置类.cs","17","368","15B5E62DDFC0C97F3B58902C6AF1AC3A39CF3261E55480B349D86D7533D41DDA"
"plugin-model","plugin-source/v10-source-restoration-lk/商城数据类.cs","23","368","09670947C7BF8629A8B79571CE743831BA0EB169A004585C106EBE7E739F5731"
"plugin-model","plugin-source/v10-source-restoration-lk/商城限购配置类.cs","14","286","58DB0400900D247EA66A9D3B876341B13680763E5CD23F345C155CF6BD2FBE19"
"plugin-model","plugin-source/v10-source-restoration-lk/喊话限制配置类.cs","25","524","F552A0DCFADC233BBBB4E1371896638907C33955CAA5BE79E860820D468956F3"
"plugin-model","plugin-source/v10-source-restoration-lk/圣无双排行榜数据类.cs","11","183","3DDD3A85D8EA316524EFE6E9297B580E08B1EE52EF4CC55EF5E010E7A92F0898"
"plugin-model","plugin-source/v10-source-restoration-lk/圣无双配置类.cs","57","2048","5A0EE4800E7E975C53C5AC28DEC20169179326A5FFBDCFD8ADEDF48666C03838"
"plugin-model","plugin-source/v10-source-restoration-lk/在线奖池配置类.cs","32","639","8AEAF767DE05790492920A4EE756B3C7D02BA4E676F2B9C1A785A169513C58E6"
"plugin-model","plugin-source/v10-source-restoration-lk/在线抽奖配置类.cs","17","351","022ACC7A0A0A64ED9432705D2339C60A949C899488F0639FC2E66FAC52CF12B1"
"plugin-model","plugin-source/v10-source-restoration-lk/在线泡点配置类.cs","29","558","A6275207D603C02B0CA5973523EF32880ED7E1740D4361D11486687C59FAA2BC"
"plugin-model","plugin-source/v10-source-restoration-lk/地图限制列表类.cs","41","741","4268B3FB7E496A0B375AADE3C8B5870C0C216C25063D6E6DF60967ED9F391F1C"
"plugin-model","plugin-source/v10-source-restoration-lk/地府商城物品类.cs","23","420","F802C09D73DB38FEC39F29B6FCF2339961F314803C20ACBD225BE058C1EFC4C9"
"plugin-model","plugin-source/v10-source-restoration-lk/地府商城配置类.cs","17","415","0D55D2284D60DC13F9467D4B4C9CEC242AFECF40CB4D2D0909561FC5DDC6369F"
"plugin-model","plugin-source/v10-source-restoration-lk/地府购买存档类.cs","9","145","BCAD2E02DD601882DABC65F26CAAAB293DC7AD0CA4D8181BB353FBF10C87698D"
"plugin-model","plugin-source/v10-source-restoration-lk/坐标类.cs","17","166","0F9DF778E06E611266545192EF47F876DFE4F37204ECE13B967BDE966A03616D"
"plugin-model","plugin-source/v10-source-restoration-lk/天机神算配置类.cs","35","783","1572432EFFAF1221919EDF2FAC18F260FE47E953DD3DCAEDD11934F7756B40EE"
"plugin-model","plugin-source/v10-source-restoration-lk/奇宝斋数据类.cs","30","620","99C3244D0BFFB3F7A8BB957CB4C83E4D69A114D721A48888A7580A0512146C8C"
"plugin-model","plugin-source/v10-source-restoration-lk/奇宝斋配置类.cs","21","475","0986766670CC00E48FFDF016B3D77EE04012CAEA9D6533ED7CC9BDC74E479A0F"
"plugin-model","plugin-source/v10-source-restoration-lk/妖族化形配置类.cs","15","268","5653383D3ACE65A75816CC8DB484EFB64E765B62A30E745888B6CFC0F418E20C"
"plugin-model","plugin-source/v10-source-restoration-lk/娃娃技能列表类.cs","13","233","558B70BAAB68E88047A2D2950F6AC2854514548F686E66F839A5EA98086C4EA5"
"plugin-model","plugin-source/v10-source-restoration-lk/娃娃配置类.cs","31","701","1ECD6B76DE8EA2CA2FE982CB79BF76EC729F16BAF11A5DAAE3E166A904E9AF52"
"plugin-model","plugin-source/v10-source-restoration-lk/守护配置类.cs","31","564","640443CF339B5C492CF066C793D1348F4421DD72028C043C225FABD90937052A"
"plugin-model","plugin-source/v10-source-restoration-lk/宠物召唤配置类.cs","67","1368","2CA2E3C51DDCAEEE7437DE99E18D124386D0763DCF7B32176CC27254E5E7A137"
"plugin-model","plugin-source/v10-source-restoration-lk/宠物同源配置类.cs","91","2218","DD8A27662C1272CFA969927FE4B3D72AB16E7A86D5BC3CE99D39C22677888923"
"plugin-model","plugin-source/v10-source-restoration-lk/宠物突破配置类.cs","65","1503","82AF8E796D892057BB4076D7C1DB37FB87343E071949AACEC7BBB11883D5996D"
"plugin-model","plugin-source/v10-source-restoration-lk/宠物绑定配置类.cs","13","320","358E1B473FD902F376A7473B59C9DB54C392AAE5794D54E16113279D591D7A73"
"plugin-model","plugin-source/v10-source-restoration-lk/宠物转生列表类.cs","31","618","D2B27C5A633E7389DD20488E39A04373254A23022589BB813DEACCAE89926EBA"
"plugin-model","plugin-source/v10-source-restoration-lk/宠物转生配置类.cs","17","626","66D75F256B9F4FFBBA2FAEDA2E5008C91233050B289D282EE17E27CDEEC13077"
"plugin-model","plugin-source/v10-source-restoration-lk/富豪榜排行数据类.cs","22","450","34799FD97C0C70D73B56214A9EBB121611E7D9BE4FAA45B60C3BABAF271B4C29"
"plugin-model","plugin-source/v10-source-restoration-lk/封包_写.cs","111","2157","7A2493CE1ED3CA7AF8CDAB1F7A7DE64C6432B0255D3228E968B1AE39E46C0DAE"
"plugin-model","plugin-source/v10-source-restoration-lk/封包_读.cs","178","3528","DD3650FFE6BC716300700EEF88E68138F70E5990D7B4CCCD7BE5EA582C8E2ABE"
"plugin-model","plugin-source/v10-source-restoration-lk/属性洗炼配置类.cs","32","973","A4D722555029C79CD7659947157829E5779153ECD8266391E0D002756458E2EE"
"plugin-model","plugin-source/v10-source-restoration-lk/异兽录图鉴列表类.cs","15","295","B03218989D68F25777B9A61D76259D0F6CD2325570CF3C6596774D361E060D14"
"plugin-model","plugin-source/v10-source-restoration-lk/异兽录配置类.cs","57","1542","F1CC9AE595D256E37F004489F4D6B25CC815FEA03D198C96D863E22E4FDA4CED"
"plugin-model","plugin-source/v10-source-restoration-lk/引灵幡属性列表类.cs","11","237","F3BA1E928DE9821EEF8DC0C3C3BFAC8EB1553F720527DCF1602A50FE3CA4C152"
"plugin-model","plugin-source/v10-source-restoration-lk/心法升级配置类.cs","31","627","5E910AF67DA61AF8FF29EE75BA02EAB658350C5182757F137123239F1ED90AA8"
"plugin-model","plugin-source/v10-source-restoration-lk/怀旧专区配置类.cs","127","2761","B8BEE3A2813A518AF8A665A9E9AA3587CEDC7D0B3793746CFAAB207695522866"
"plugin-model","plugin-source/v10-source-restoration-lk/技能详细数据类.cs","13","237","79EEEC6E13F2E344CF8BAF640343049A147188C52D2FC369721DD859DEE31C58"
"plugin-model","plugin-source/v10-source-restoration-lk/抽奖奖品数据类.cs","13","176","DFB100372DFCE43020248006C73BEE085ACF03871D5B1BBBDFF5AD1CB002F898"
"plugin-model","plugin-source/v10-source-restoration-lk/指定会员配置类.cs","19","454","C5564C85DDEA81BC723C2B95BDCE6FCF2A4C51F4D929972FDB3D07A8C72D488E"
"plugin-model","plugin-source/v10-source-restoration-lk/挑战BOSS列表类.cs","70","1354","DD00FECC8C2551CCA9F356FE89D7D5B706968487987C34F116BD2375B25853CF"
"plugin-model","plugin-source/v10-source-restoration-lk/挑战BOSS配置类.cs","11","283","9801C059D83A6B1CE0996F0050524AA680FD76FDEB9BA211BAA3402BBE061E99"
"plugin-model","plugin-source/v10-source-restoration-lk/推荐拉人配置类.cs","59","1369","E52A1F96497F33B0A31285039090115729230D822F1C29E0A12B8F9083068B29"
"plugin-model","plugin-source/v10-source-restoration-lk/摆摊配置类.cs","13","283","A52DC525BE57716D58EC16FE14C7F1F7C4852756A00AD1369351206785E2D832"
"plugin-model","plugin-source/v10-source-restoration-lk/数值存档类.cs","9","121","16CE1415467D97EF1F1CC857E4BE232BEE4F186D8F985114CBEE24515AC7B446"
"plugin-model","plugin-source/v10-source-restoration-lk/无双圣榜存档类.cs","34","760","27081E03D0545F3A90BE90FA80132088EB1E709CBC4183976B2ECED72D999292"
"plugin-model","plugin-source/v10-source-restoration-lk/日常奖励类.cs","23","425","C5DE7A4E15CB6C2D248EE8BF20B764C4B2830A00515E4821262A273BC4C70294"
"plugin-model","plugin-source/v10-source-restoration-lk/日常配置类.cs","9","279","BEEA7EFB89200DB776999F93B2CAFC3314D4DC5B229292E1F9C9A6444F49DFD4"
"plugin-model","plugin-source/v10-source-restoration-lk/日常配置详情类.cs","13","259","66BBF451E394E08CB28B9B59219FEB51C3A395D75B27765871BF6208EA8550EF"
"plugin-model","plugin-source/v10-source-restoration-lk/时装坐姿数据列表类.cs","9","175","61938820EEC35AEA87C273B1A746D6E40BFF31C79D9F5F6E17B4BF4C31784CDF"
"plugin-model","plugin-source/v10-source-restoration-lk/时装坐姿染色配置类.cs","18","596","C2C4409527DC94FEB865A832F4EB58C563620C91F26731DECB4E053070F01359"
"plugin-model","plugin-source/v10-source-restoration-lk/智能怪物配置类.cs","49","1620","59F260CE5EF27B70C540D9276AAFC31E6B39F8310547F99CBBE2B2AA16C75FAB"
"plugin-model","plugin-source/v10-source-restoration-lk/本命法宝属性类.cs","11","230","EBD8A3463D0BBD5E2ACEE66BF93F1F65F20A5CCA746E9FAFD8F3DAF487742D68"
"plugin-model","plugin-source/v10-source-restoration-lk/染色坐姿数据列表类.cs","9","188","CE6CCEB60019555C9A8CC87072B8296D209F8AF9C1F926A0385530EA7FF37526"
"plugin-model","plugin-source/v10-source-restoration-lk/法宝共生配置类.cs","23","533","D9B088552C99988EB4E15B171B1C5908CF4C12921512BE90FFCA68768308C061"
"plugin-model","plugin-source/v10-source-restoration-lk/注册信息.cs","34","724","1AA123C82E7839F0D4E75EE28680A4DF81534B12959B9F55493761C4FA5E89DE"
"plugin-model","plugin-source/v10-source-restoration-lk/洗炼属性数据类.cs","13","201","37B2BC4E957B07A7B34C6CF0AC61F3EB260C3E49776EF4BDF2EACD213D3DBB4D"
"plugin-model","plugin-source/v10-source-restoration-lk/洗炼装备配置类.cs","43","960","5B7FABCBE7A9A684F6188C0C6FCD5490FA632D62C0582034F29C5A8F83CEFB0C"
"plugin-model","plugin-source/v10-source-restoration-lk/活跃度奖励配置类.cs","26","515","EE4E469C9DAA594CE1FF41C4AD839DDCC1859694D73C701459EA8CEBE2FAA55C"
"plugin-model","plugin-source/v10-source-restoration-lk/活跃度配置类.cs","19","648","D938C5C38E773EF02C452C260D5AD464E65E8A175FF7D1C1B405BB1E964C240C"
"plugin-model","plugin-source/v10-source-restoration-lk/浮生化身配置类.cs","17","336","13FF77BD212C06CD2DAF78555356B028A9439441A10C00D1B2D98AEC1AE4DD95"
"plugin-model","plugin-source/v10-source-restoration-lk/浮生录配置类.cs","71","1895","365E2FC361A5407C4C973B647DDB1DADCBB0DF07C9E0E447B935F834BC3C0EA9"
"plugin-model","plugin-source/v10-source-restoration-lk/灵幡附灵配置类.cs","17","479","DC8AA0948835EA05350863D95154D132CE4F0AEA2D3E6B5253402F65834D2084"
"plugin-model","plugin-source/v10-source-restoration-lk/点卡配置类.cs","9","134","C32B9E3E695E31C121B3D1807B214CE8773AB5DCA07B16F0E2E559D8754D2507"
"plugin-model","plugin-source/v10-source-restoration-lk/燃眉配置类.cs","27","476","73989C9088DE32D61C8AE76A89C9BDEDD6DA1443827EE7E381DDE3E68BE8F526"
"plugin-model","plugin-source/v10-source-restoration-lk/特效列表类.cs","15","272","FCF3F220DB5310A2FBB8615FD63E42F92D5497B163CA335C9B99B7962B646218"
"plugin-model","plugin-source/v10-source-restoration-lk/特效配置类.cs","25","545","58405198B0250BBB4DA15865B8DEF3FA5547ECC694689018B27CE0E6E085F01A"
"plugin-model","plugin-source/v10-source-restoration-lk/狐狸和狗配置类.cs","11","199","79ED2DC685E3C8D81DD38A6281A1BA2E4667A5E1C81F942DAD1609BB46EC2150"
"plugin-model","plugin-source/v10-source-restoration-lk/百炼列表类.cs","30","614","1686C36EFBE3C700AEC66179E1F3B9C267048B50E71B7B9689FB0766347D6E5D"
"plugin-model","plugin-source/v10-source-restoration-lk/百炼功能配置类.cs","13","419","40E5D1BCA316531BD4CCDBC57CC6C7901F9D3E9A40FBE4EC8214C2F76ABB1CE5"
"plugin-model","plugin-source/v10-source-restoration-lk/百炼提交校验类.cs","15","216","028464BF4F6DF644FA5CA804987EF705930DF16DBF031AB66724F488810BC3EA"
"plugin-model","plugin-source/v10-source-restoration-lk/盲盒奖励类.cs","24","483","3A46150249EBC814D4AF9235031F50891179995B9B73929A7B39E9105B91D8BE"
"plugin-model","plugin-source/v10-source-restoration-lk/盲盒配置类.cs","12","382","1CAC2F8599D7DE4C816B6CE116FEFD27D2C7FBB0F83C43DB31CC8208BDBDBDDF"
"plugin-model","plugin-source/v10-source-restoration-lk/相性池.cs","13","194","CD64903D4835F9793716AE864B645DED42617CB6338B297C8A486ED615C8B13F"
"plugin-model","plugin-source/v10-source-restoration-lk/礼包开元宝配置类.cs","9","218","29AF0E3C0BB5CB1AC180A1FF69E2C303A9CEDB7E28292CFB995FCD14338EEEA2"
"plugin-model","plugin-source/v10-source-restoration-lk/礼包飘屏配置类.cs","9","217","595CB5C8C0B1643264B62509987745789BF060296E6C23067A00DBBF96B83413"
"plugin-model","plugin-source/v10-source-restoration-lk/神算物品列表类.cs","72","2371","A3BC84850B19C5D8CE7D3796B168D228E20CD34FD3D30D32A9F14BE29246BA66"
"plugin-model","plugin-source/v10-source-restoration-lk/神级BOSS掉落类.cs","17","307","C0E73C4343FA5B48B2AFA5FB08967A7386CF0771C14FA1699D24AAD782111D49"
"plugin-model","plugin-source/v10-source-restoration-lk/等级道行检测类.cs","15","220","0AAA528330702444E3D2FC61CB3E4D87B73164ABEE2B6759C185E1B4728FDE94"
"plugin-model","plugin-source/v10-source-restoration-lk/签到奖励类.cs","13","179","5C6B985DF327A08D45887414E0261A0C6E348803785F082108EECE9ADE906446"
"plugin-model","plugin-source/v10-source-restoration-lk/签到配置类.cs","29","971","A5C30E105BEE891A9C0E0BF254FF41A5BC56BEAA278DBC7CD6C7999822C27A2A"
"plugin-model","plugin-source/v10-source-restoration-lk/精炼属性数值类.cs","122","2834","7AE07E78591B61AE6AC666801CA37642D4ADE700ADB2673FF5E5A7DD3AF9B9A4"
"plugin-model","plugin-source/v10-source-restoration-lk/精炼属性条件类.cs","15","299","8D263693946E65FCFA4FC43F3423292EE22969AE73613D4A205D432412AFEAB7"
"plugin-model","plugin-source/v10-source-restoration-lk/累充奖励列表类.cs","21","452","4C0C2689C0C3B5FE660B130475F4DE4859D18BDC53E65D203B1C3ABEE00ED484"
"plugin-model","plugin-source/v10-source-restoration-lk/累充配置类.cs","20","448","90F5C1EBA87AD00AC44E5383D0DD4E5F543D8BA8A985FCB8CDEC06C21580CBED"
"plugin-model","plugin-source/v10-source-restoration-lk/网关共享配置.cs","61","1201","D6593D527D19E96551E30C3783C7B6CC8D9DCDE35088B05A2E6C961EB8BEEDFE"
"plugin-model","plugin-source/v10-source-restoration-lk/网关连接用户.cs","17","369","588AE6DA6ABA60412A3CEA48823067D3E5D97C91AF206F96169E5925311C4D58"
"plugin-model","plugin-source/v10-source-restoration-lk/网关配置.cs","83","1469","8628DE36AF4164828A1041E10E99FDD869EB51CD0AD0C8B0F4D9728EF52B988A"
"plugin-model","plugin-source/v10-source-restoration-lk/自助商店列表类.cs","117","3428","A7A2D32044493FF684C77BECA7BFA6A66A5760854932A4D4B8E5F970E9004C63"
"plugin-model","plugin-source/v10-source-restoration-lk/自助商店配置类.cs","9","196","EFA5DA4C55DD905BFA3DDD8E77258D9BB6F1B036F172FE7CC04ED0EFCE6BCE25"
"plugin-model","plugin-source/v10-source-restoration-lk/自定义宠物类.cs","7","193","BDDB392A153D98D6F3910D3CE5920D716A9375622FE1B3072C42DF1AA6782B8C"
"plugin-model","plugin-source/v10-source-restoration-lk/自选道具列表类.cs","7","134","5C6F770577022FDBF7BCAD4A98B5F7AAE5CCF8BDE019A6F9BF6B0CA0E4EB5EC3"
"plugin-model","plugin-source/v10-source-restoration-lk/自选道具配置类.cs","9","253","0BEC65EC355FEAE27A8AEE7C26FE6FA5478D183D3E23BBE33845794909D451D2"
"plugin-model","plugin-source/v10-source-restoration-lk/荣丹排行奖励类.cs","9","161","17014DC48FADDA575DAA2EBDD123A76BC2E5FB591AD70A196251E0CE18A81FB8"
"plugin-model","plugin-source/v10-source-restoration-lk/融丹奖池类.cs","26","534","B84B3D5BA95F89F517AA3286B241BA800DCEA3F678B04506FF2CA39685B15C8A"
"plugin-model","plugin-source/v10-source-restoration-lk/融丹排行榜.cs","20","368","460B360B49B7EEC281A3F3B3FB5C3E1D536606FADF39F91F50DC8076726C45A4"
"plugin-model","plugin-source/v10-source-restoration-lk/融丹配置类.cs","39","869","0773095C7A08C3FD45E6A3F3B59B2B4C32392714263DDEE3E05D405B1E833B95"
"plugin-model","plugin-source/v10-source-restoration-lk/装备分解配置类.cs","11","226","1FA30FC6D1E50B7511DF2EA75E13F7BB483FC4C5C4E725ED0A7B4D6FECE16BB7"
"plugin-model","plugin-source/v10-source-restoration-lk/装备升阶配置类.cs","29","801","D531D7F9D669D5784D8D402173B8BB4CDE0EEE4570C810EE788B97E7D112C029"
"plugin-model","plugin-source/v10-source-restoration-lk/装备强化配置类.cs","21","552","F6AC1F7104D5AB4D4EC95B9B8288B91F15909EC72D5B1C23AB6A554C2FFDA0B1"
"plugin-model","plugin-source/v10-source-restoration-lk/装备数据表.cs","21","547","746E17F04EAA2DBBEDA4BACA816E628A9CB027B28CE151933361E10EDD76A783"
"plugin-model","plugin-source/v10-source-restoration-lk/装备系统配置类.cs","25","636","CA5135ED438E8CF884AD2E7CFC9AB2D92C148943FEA551AD7C6C82526CFD7A45"
"plugin-model","plugin-source/v10-source-restoration-lk/装备进化数值类.cs","27","540","0A0C8A1AFF214540DAD4442BB6E52834DC645BC5E048B404DE71A59DF351BA6C"
"plugin-model","plugin-source/v10-source-restoration-lk/角色Info类.cs","22","540","A324C1DD971A6A0182F8E5F19BD8FB281A9C71F9C9BDF8E0269531E8F46D0294"
"plugin-model","plugin-source/v10-source-restoration-lk/角色技能类.cs","67","2245","3788405EFA1188BA98147C8EFDE6F0E3AD6395438DDFDD0AFD8D7CCC5755B6D8"
"plugin-model","plugin-source/v10-source-restoration-lk/角色汇总类.cs","58","986","1EB33CFE59F4307C8069F7A5881BCDBD7245B51687DBEBD33B3F13944B148F01"
"plugin-model","plugin-source/v10-source-restoration-lk/试道大会配置类.cs","15","369","C1017F36ADB8ED278E76F5F43F5B7DE46E21060FA41DB346CDABF22958B93773"
"plugin-model","plugin-source/v10-source-restoration-lk/试道奖励类.cs","9","159","CF16E8C7D51EF48A48393528C051846E3A47A45E2D021241AB903B1A7A9FE130"
"plugin-model","plugin-source/v10-source-restoration-lk/超级NPC传送类.cs","11","215","A4DA2861A26D1C375DDA1191E3131D978E867D7AEFC0FC4D49A872E6D52513CD"
"plugin-model","plugin-source/v10-source-restoration-lk/超级NPC列表类.cs","20","434","606B91719136BE7BD4322B1A71B4C396007579581CD2C2C2DC95664CC8D1A8AF"
"plugin-model","plugin-source/v10-source-restoration-lk/超级NPC配置类.cs","16","306","009C6301E57A0C329FD2E9AD9F384DB8FC1035786520A049D0EC6B8036E207A5"
"plugin-model","plugin-source/v10-source-restoration-lk/超级地图配置类.cs","9","247","6768E0FF10EAF7EEAAD5D8B08E6BEF002B89EFDBFC9948216E61428A1C91C4F0"
"plugin-model","plugin-source/v10-source-restoration-lk/超级坐骑列表类.cs","11","168","E76FE8EC0C07C2DA74BCFA468D65D4EC11FBF996952338619BADE791F886B07C"
"plugin-model","plugin-source/v10-source-restoration-lk/超级坐骑配置类.cs","11","283","C1475636E73A4C9FD089E842C5AB9280D71BAC2CDF316E7DE61D2BD8E1DC7A2E"
"plugin-model","plugin-source/v10-source-restoration-lk/超级进化列表类.cs","231","4441","98CF89C2860F4BE85E869A108254625F66AA0E1806DFF9A53CFACB8FD0A07AF5"
"plugin-model","plugin-source/v10-source-restoration-lk/超级进化配置类.cs","11","226","CE47C51676FEEF6065A83F419F7B3BABD269162ADBA4EF796A78CFB8451ED18E"
"plugin-model","plugin-source/v10-source-restoration-lk/超级道具列表配置类.cs","54","1128","F50518F6C977A3FAAD8C8F11449C25989BF7DD99C293C285A19452FE83182923"
"plugin-model","plugin-source/v10-source-restoration-lk/超级道具累计奖励类.cs","11","196","2386E6BC841AC8EE057EDD177FE6503FB4C3E086F80EA8DEADB95108E3F9164D"
"plugin-model","plugin-source/v10-source-restoration-lk/超级道具配置类.cs","29","778","8AC006C2E633ED32201C377047C882C3A7CE5C8B855BBF65648D1B513BB555A3"
"plugin-model","plugin-source/v10-source-restoration-lk/通天塔突破配置类.cs","9","223","9293DC0CCADA68C575F400758FAFE8FC42502D82117860F2207B31E6F41F55D2"
"plugin-model","plugin-source/v10-source-restoration-lk/通用属性类.cs","26","550","2965E477D195DE8C46E3813F542D09F601D6643999C85599ED4D5173ADB75CFC"
"plugin-model","plugin-source/v10-source-restoration-lk/通用次数类.cs","7","80","72EA31A283339D0DC27350F7C9EBB565CFE25A1183CDFF5881495CFEA767A3BA"
"plugin-model","plugin-source/v10-source-restoration-lk/道具宠物回收配置类.cs","15","395","E8FCD00A8A3A1FDF743101E362568FA85697B6A398629AFB8CF483B21EB0EE14"
"plugin-model","plugin-source/v10-source-restoration-lk/道具数据.cs","9","118","E1F9D2CA03158B97717ACCF9191206D391605761BF5DEC575673E3B3930F6A21"
"plugin-model","plugin-source/v10-source-restoration-lk/道具数据配置类.cs","7","199","C595D693DC80B7F762B0BDD90839F1D2B9A3AFA542A7E436C97CE58D09C237AD"
"plugin-model","plugin-source/v10-source-restoration-lk/道宠回收数据类.cs","39","620","34AFB1EE7F7B4CA9CDB01F5E90A401E26EF765C79074A8829AF1B426E7EA4013"
"plugin-model","plugin-source/v10-source-restoration-lk/道行达标奖励配置类.cs","18","420","7654485FAE5AFF57D57AEF0C78F66685CB14ECBCBC34792A735D7458B80ED660"
"plugin-model","plugin-source/v10-source-restoration-lk/道行达标配置类.cs","14","334","E4718A5A8D656D101E1C9155D3A604DBDEB85FCD41630AE731F3FCECC7E5BB21"
"plugin-model","plugin-source/v10-source-restoration-lk/邮箱配置类.cs","9","141","757F960E8E73AE954D69F3D9CA533897F912599990EE7089DFDDAC6EED614B63"
"plugin-model","plugin-source/v10-source-restoration-lk/门派转换配置类.cs","33","912","5B0E66A55835EDAFF139D57343D66D614E011BC85E0D59B825BF563785AF369A"
"plugin-model","plugin-source/v10-source-restoration-lk/问道数据类.cs","3515","178966","2A5C0BDEB7AEDDC5015EF04427480A792557A2BFEFE14AAD270E8E7E63252FC9"
"plugin-model","plugin-source/v10-source-restoration-lk/首饰强化配置类.cs","33","725","1AD67FF4B790C9EA35380447EEEE13BF42E7A82C1B45FDCF946D7171920F3C21"
"plugin-model","plugin-source/v10-source-restoration-lk/首饰系统配置类.cs","23","550","7A17F840A398E25D033FB566512B268356FB43D136C81FBFBD02841175A082C3"
"plugin-model","plugin-source/v10-source-restoration-lk/鸿运当头配置类.cs","19","449","CD2DE7A8202FBA50A978A24DF88951ED9701127B443AED41BFA3D787E05032D0"
"plugin-model","plugin-source/v10-source-restoration-lk/鸿运物品列表类.cs","94","2536","79FE194B91B8AADE839011B7BD323833337D5E704401C463EDB14B4787512706"
"plugin-model","plugin-source/v10-source-restoration-lk/黑名单记录类.cs","13","335","38827A4C8AF91ECEA906578B7B2021334298E0D72BAC9BF69D8DF2EF5FF15432"
"plugin-model","plugin-source/v10-source-restoration-lk/龙血BOSS配置类.cs","23","599","52E9A77C2E59818C3DF6E1436B13D46AC7986AAC325C3ED27AC15272C85A0DF4"
"admin","admin-source/current/Config.cs","13","205","BF1E471536A56ED6D3BC963C9789BA4A6967D6BA13CEAFD62AAFCCE54EE26E6E"
"admin","admin-source/current/MyGdTcpClient.cs","37","593","3A5971972791152F25905C0D9C03A96D4424678CDDC73A5E4E72AA12D1F646D6"
"admin","admin-source/current/NetClientFrom/BOSS挑战配置窗口.cs","1415","76615","F76D7E54E4EE85473769A589C10C9D89F0E43A620B760ACCE0EA5D21551A9C3C"
"admin","admin-source/current/NetClientFrom/CustomFeaturePages.cs","553","17925","CE59286957EE70EBECD6897B22E08BE112CE8FF96B43A9ABDBCA8A7BF7719856"
"admin","admin-source/current/NetClientFrom/Program.cs","44","1392","3A8596C270D5790E12DDBDED8754246946476F5FE95121268A0C167AB0D5CC0C"
"admin","admin-source/current/NetClientFrom/Properties/Resources.cs","49","1000","B28E884928CDC696DDE184E4A8531322EBF1F56E19D05940601C508D720CDC58"
"admin","admin-source/current/NetClientFrom/Properties/Settings.cs","15","488","E9B4100BB63BEE49435FD8F2B5A18147DB52D8FF9187510BE13C590E54161217"
"admin","admin-source/current/NetClientFrom/元神_境界列表配置窗口.cs","2495","160645","192A2D306A180A5546E9B5C923899A180655A56B4ED26D277F4C4F0698F2CBB5"
"admin","admin-source/current/NetClientFrom/六道轮回配置窗口.cs","1062","65967","837ECE5CAF435D46208F854FA839F2BB6A3A3488F48FB5501BC27EB71FE1E158"
"admin","admin-source/current/NetClientFrom/南极抽奖配置窗口.cs","522","25319","07481CC4855F1908136AFDDE810D8D751088F2DD29C9CB7C6FC6E6D8D70F7334"
"admin","admin-source/current/NetClientFrom/召唤精怪配置窗口.cs","1690","83866","9CFD5447C0E54ADCB58330935A7FE616EE62281EFD8902371F1B1D6969815E78"
"admin","admin-source/current/NetClientFrom/后台主页界面.cs","29446","1669484","EDCBA545418040BDE9CCFCFB1164E31EB455B5E3F0E3A66C6419E391B1CED9B3"
"admin","admin-source/current/NetClientFrom/商城限购配置窗口.cs","302","13033","1348974BEB082201A1D62AB15A9E320AF71E6A189A6886E4D49B6DA3F9F253FF"
"admin","admin-source/current/NetClientFrom/喊话聊天配置窗口.cs","533","24530","EED38ECCD1CE088C284607890DA55A974E9342EC25596B5E00DE064ABF958CB3"
"admin","admin-source/current/NetClientFrom/在线抽奖配置窗口.cs","433","20367","73242EF10C815E6C4067DB26F5EC77E797F89A6D1D8D13D28B410B55FC3EF9FE"
"admin","admin-source/current/NetClientFrom/大飞共生双属性窗口.cs","593","28505","E9432EBF7480E0A0AD4E11EBD55B1DC35783DFF7974E8B5E95390B5832FB6C28"
"admin","admin-source/current/NetClientFrom/宠物召唤配置窗口.cs","960","51316","21A1A5C4896757F1A88BD955B498F7EF2636081838400B8AF7D80CC15021A11C"
"admin","admin-source/current/NetClientFrom/宠物绑定配置窗口.cs","472","21268","2AD9C9BC0DD8DCC784C6F9BD72162845B4297813951D1470F764F57FE2176CD9"
"admin","admin-source/current/NetClientFrom/属性洗炼配置窗口.cs","2974","188023","4D2175E1FEBEACB3C4F1E50D6A5A3690979A233181090041D730BE4815F2E91E"
"admin","admin-source/current/NetClientFrom/异兽录配置窗口.cs","905","47865","585C61174D253A30B9BB1C915D7C37BC6397BCA773FBD228E28FFA2AD9361DD2"
"admin","admin-source/current/NetClientFrom/推荐拉人配置窗口.cs","692","43327","0F3223AA097846C691FBD1C759832B08B45D63C5F540355B90450A0AB963EC6E"
"admin","admin-source/current/NetClientFrom/无双争夺战配置窗口.cs","1569","80400","448E4E4124A3985417D970CD5290762239D2998A9BAB97183CA0388E5649764F"
"admin","admin-source/current/NetClientFrom/时装坐姿染色配置窗口.cs","865","40439","C7CF3BF81DE497187AAE5C4F7956B3790F5A0EC4EE3106AE94BDAD1ABD2B21C0"
"admin","admin-source/current/NetClientFrom/更新内容窗口.cs","98","2476","EDDE97F557F82EAE835797219FAEBA46E68191934F97B8C8CD6F619A44B96F7F"
"admin","admin-source/current/NetClientFrom/泡点设置.cs","455","20731","F77EDE4EE130002147E20FAC60AFBA80689604DCCC53AAC9084AC747A7B26404"
"admin","admin-source/current/NetClientFrom/活跃度奖励配置窗口.cs","945","51973","A6BDA450ACB614A6F6BEF3B42ACA92C7879B4F01BBE5F1F972DDF4A8CA8AEF19"
"admin","admin-source/current/NetClientFrom/浮生录配置窗口.cs","1126","61639","EE6011084772CDC0F6F2D58DA8A19030A834782A776D8E334F4934FB7A5DE689"
"admin","admin-source/current/NetClientFrom/燃煤同源转门派窗口.cs","1757","101962","6B179B6220884BECEBD64976D07682986DC3A38CAFBE9B9235BAAAA04A641189"
"admin","admin-source/current/NetClientFrom/特权会员配置窗口.cs","445","21025","1C891DF1842DF215807815C11DBEE46100036E4CEF621BA588DDDAE5E3C90B0E"
"admin","admin-source/current/NetClientFrom/百炼合成配置窗口.cs","1340","65828","EBAC4934B2A8DA36C396C5A8AF9AF079319F614CF641F8A0FB6DC082902F467B"
"admin","admin-source/current/NetClientFrom/盲盒配置窗口.cs","561","24853","9F5A0845C5331AAD9A53AE99BB613C5A8752F6FE8F74EDB74C4B14C7612DD7CA"
"admin","admin-source/current/NetClientFrom/礼包开元宝配置窗口.cs","695","32379","11754C277A4CD3E72E01FEC9C81127EA2543974CE245DA4D6F18F6BBE354F3F2"
"admin","admin-source/current/NetClientFrom/等级道行限制配置窗口.cs","286","12481","8FA4B6C817D5A3C29FADE215021E343DC3BFBC600EDD5621BAFC82E558525EF4"
"admin","admin-source/current/NetClientFrom/签到配置窗口.cs","1709","91054","9197E55613655DCE147D3EA3426B87659C5221AEA3009807CA88DE20DD14F5F6"
"admin","admin-source/current/NetClientFrom/累充返利配置窗口.cs","354","15744","9CD52459AF94E1EF307BD0FFCEC6D8A6FDFFD5C3ACED6416CCF4412C977E41D1"
"admin","admin-source/current/NetClientFrom/自定义守护窗口.cs","410","17636","59EC7637EECCF9772CCB7DDC48A01AC9F8B739F68CED9C49170650845103D93A"
"admin","admin-source/current/NetClientFrom/自定义邮箱配置窗口.cs","340","13749","D77ACAD5652B33DBC260B7BECC1D67BAF025FE2D896AA3BB0E3C0D07667D5F97"
"admin","admin-source/current/NetClientFrom/自选礼包配置窗口.cs","455","19220","09372BF79B14654AC91F5FB8C43854DA5DE90843D9EAAD2A550D0BC80A0556DB"
"admin","admin-source/current/NetClientFrom/试道大会配置窗口.cs","594","31400","8DDE72C3FB3291E2CEABE03EEAA08949507925F9920B639C5A8562D9C6EA85C1"
"admin","admin-source/current/NetClientFrom/调试数据窗口.cs","255","8609","F0CF57A536D57F0BEC5066C74F57A7BB1328F700AF6202F7ACCCE527DA662DFB"
"admin","admin-source/current/NetClientFrom/超级NPC配置窗口.cs","935","43954","4046258CA7BAE1DB140F2AB0BDB45EBAAC20C47F2E2FF88B8A99333EFF1ED9DE"
"admin","admin-source/current/NetClientFrom/超级地图配置窗口.cs","1131","59323","D3BA19884BD4B3DCA2B7D549E6A26191ECA2E082E3BB2C09D7B23211F9825229"
"admin","admin-source/current/NetClientFrom/超级坐骑配置窗口.cs","537","23988","A38724840ACCDA123896E469C894A64CCA37AABB9F8C1C6333766BFE7EAF65F9"
"admin","admin-source/current/NetClientFrom/超级道具配置窗口.cs","1433","78218","7E047F2C38600DC87E0525870B28080FC57EA137F3C74C1480600AB035BC09BB"
"admin","admin-source/current/NetClientFrom/通天塔突破配置窗口.cs","418","17909","1AA77121BC8D73B8AB6254C05D30AEF392B729A74A382B9A95450C83B76ABB43"
"admin","admin-source/current/NetClientFrom/道具宠物回收配置窗口.cs","1295","65013","293ADB08F64C69E8C9FD9CA0A0C71820CCE7287A610F776D2D91EC2C7D1759E5"
"admin","admin-source/current/NetClientFrom/道行达标奖励配置窗口.cs","304","13266","837967F58821FB694BEDE6FBF43A16AE3758C5C869260861CE87AE1B235DF1B9"
"admin","admin-source/current/NetClientFrom/限时副本地图配置窗口.cs","240","11312","394DC132A18BA37637AEFEA5DEC9C0F00735AE4BE01B5B349058C84E8452BFD4"
"admin","admin-source/current/Properties/AssemblyInfo.cs","17","628","C29D08F8C8191CE1A0C0FF3D92AE052E0617EFEC02C5E8DD85FE00AA3597DDF8"
"admin","admin-source/current/StaticClassExtensions.cs","114","2422","3C37A6FE88BE08A4568ADA05D35142E7A828441C520CF83B544C01256453BFAA"
"admin","admin-source/current/乾坤袋数据类.cs","11","207","63F23D73895390C2AD94F0790912F5348F90664BC5250563D4CF7AFB142B407E"
"admin","admin-source/current/人物基础数据类.cs","85","1784","5F9E0A3139EE55459DFAC12C8498F24684352AF3BD56F7B94C29FB4D48ECA46B"
"admin","admin-source/current/人物属性数据类.cs","115","1615","C30181B6132FA2D61F56C4674C08425BAD91F22C68F68B107020D9CDE79EE851"
"admin","admin-source/current/人物缓存数据类.cs","123","2777","78134513CBFDB462E9D11415A15186D65E0A50298C79F29153DB377A6266ADB3"
"admin","admin-source/current/人物背包数据类.cs","23","371","2F02BE4CBA6A90711143F6C08902FBAC046FAF98B77185F149EE23C7887B7CAE"
"admin","admin-source/current/人物队伍数据类.cs","9","162","9977236161F18537743EBCFEA3170D96BF092FB2C2F3C5BD2BC8693192448426"
"admin","admin-source/current/全局变量类.cs","291","14258","9538FE7B60FE11E8674812E070C4779BACE76D0386A65235440554F5576DDCC2"
"admin","admin-source/current/六道轮回存档数据类.cs","30","931","55FA6DD09153BA34CFCD8B85DBE723C2A26D5AF75E549E229DF8B081580365A3"
"admin","admin-source/current/召唤数据类.cs","13","164","6FABCC976FFC78D1D9EA926BED26AD1D895EAE7556F002D7E86BF12148924909"
"admin","admin-source/current/奇宝斋存档类.cs","5","69","4648616FBE67B8C230B37BCB805BC5E4903C5D29082CCA2D84553553343B8793"
"admin","admin-source/current/妖族化形数据类.cs","16","237","150DF1617503CF6201F41E18EC61D6C569C58DED56EEC6357863132B89D2A307"
"admin","admin-source/current/定义菜单类.cs","70","2147","14C80CE561443E78C3C46B22E12F6239D3B9B72C8200B806B07CC0DCAAE75D6E"
"admin","admin-source/current/宠物同源数据类.cs","7","120","91EFA61D5AD6CFAB82B21AF491F04EA01AAC0BA94E8ABFA77AA13CC61C9B5EF8"
"admin","admin-source/current/宠物存档数据类.cs","13","265","935E129D82B083773D9617F337C50446E5FE9B588CA2A3F5C6C413DC61496F97"
"admin","admin-source/current/宠物缓存数据类.cs","99","1586","1C8499A49EA28CBF0652FFEF3C5106895B72100762FF13AF742097276DB286BB"
"admin","admin-source/current/属性数据.cs","9","158","C00002024EF55103F308C455350322D49AB9307B90C9F50279AD0BC8F7A72E07"
"admin","admin-source/current/异兽录存档数据类.cs","40","1973","DFFD938170DC767BDD80EBE52B933673A8C9882FFA0BC9F783B638F61689E45B"
"admin","admin-source/current/异兽录数据类.cs","13","268","D5B15D454596DD035245A27272ACB9B179001952B18665448B4873CBAF7DEC5B"
"admin","admin-source/current/挑战BOSS数据类.cs","9","150","F9EAD4CDDBE869D900568DBC768586E770F8659980E5BAE382C95280144B8F4D"
"admin","admin-source/current/推荐拉人数据类.cs","9","151","E4C94EF0DA67B3ED0217033609AD7E17BD26371D6D924A9C260A36870925D898"
"admin","admin-source/current/无双圣榜数据类.cs","39","658","4729D9C2CB0BB11066CDC0F18389791F01C5BC191EEE34E559617579FCB9B588"
"admin","admin-source/current/无双缓存数据类.cs","9","169","91B52F4BEF0528DCB3441CB2468E38D58E281EB4BC5F8BBA997F1F719C6D67C9"
"admin","admin-source/current/染色数据类.cs","9","176","3BA2C629258FA775E6701BC7FE5026AD508AB8EC57D16AB9357C7AE9384BC6F8"
"admin","admin-source/current/洗炼属性缓存列表类.cs","9","140","E5DBD0C7416655B3E78341BF46AFA0D7A13C70ED7B493C9969C5C90442E5C148"
"admin","admin-source/current/洗炼属性缓存数据类.cs","15","315","449F22F2EC1861C915D8F0689206677EDEB1C648578169C6BE26D8BA356CE535"
"admin","admin-source/current/浮生属性加护类.cs","31","524","9B225E37F69AF7DF0375E798D86B450FEEF71030939A9456C57E687344C95EB5"
"admin","admin-source/current/浮生录化身列表类.cs","9","162","55A0AA3DE57FC1C2AF484FA098DE01EB50D2A1FF2E73F50165634C20D30C638E"
"admin","admin-source/current/浮生录存档类.cs","11","329","A5A4D0C2334ECFC49A2D633F6CF8CC9E262E496F6D61E7274A04792F94B438FA"
"admin","admin-source/current/浮生录数据类.cs","20","454","CA7598FAA62D83D97B91223FA064E4EF30EBB4BD821586D8A9931192E5599696"
"admin","admin-source/current/燃眉之急任务类.cs","27","445","8937954DA35929ABD2021703FB5D3AED82A46C0B821FE2AC5691759D682DF83E"
"admin","admin-source/current/物品信息类.cs","85","1747","B4F2854F8999C1EDAF6E7DAAD4EB8049393148822DD721E94747AD784DB78CE1"
"admin","admin-source/current/签到存档类.cs","9","140","3A6E41F9702217023DED55675D01C787E8B805FFAE25FDAFD407779569845035"
"admin","admin-source/current/角色存档数据类.cs","134","3681","935D5FB0FCC35196E4B55E76B3E7FCB79BA786D0B26DFECEB5BF8996815046AF"
"admin","admin-source/current/角色数据类.cs","27","839","8658A6BF3403BB820738459A0214AB127043D938B3166B66C554490C190A68A6"
"admin","admin-source/current/超级道具数据类.cs","21","358","6E4C4F6A2A4470D9F71AAC1A8C5DA08BB0D0292068F4D4A08896FCEA5E4BFC25"
"admin","admin-source/current/轮回转世属性存档.cs","7","101","5AECA6BB09AD0FB482E1E848007CD18141BAF6AC7C198A02B421CC7682A79D28"
"admin","admin-source/current/轮回转世数据类.cs","16","368","03B4CFC669828322539489F514EA5251EE1AF365198CA75CF4FB6698E081D817"
"admin","admin-source/current/队伍成员数据类.cs","11","177","36DD6B451677625B997A696793F6BAA74197300CCCB2524F735179A60FE609D7"
"admin","admin-source/current/限时属性类.cs","9","166","4FCAA8BB3E395EC8FB02D2500298EF38FFEE7F84F82EF55E7E125375ABEBF8F1"
"admin","admin-source/current/限购商城数据类.cs","9","163","DC322D6622A7DE2852B050F5D3B5CFCD713140A0A7806DC4151307A47D7E3134"
"admin","admin-source/current/额外附加属性类.cs","65","840","2FDD0B3725BF77780995142631DE14077FF2DB1DF34479F7259FF779DDD4B263"
