"Project","Type","Method","Call","HashExpression","Arguments","File","Line"
"admin","MyGdTcpClient","验证连接事件","SendRT","10014","10014, false","admin-source/current/MyGdTcpClient.cs","17"
"admin","MyGdTcpClient","心跳线程","SendRT","10014","10014, false","admin-source/current/MyGdTcpClient.cs","31"
"admin","NetClientFrom.BOSS挑战配置窗口","超级boss_保存按钮_Click","Singleton<全局变量类>.I.验证client.SendRT","10018","10018, 31, JsonConvert.SerializeObject(Singleton<全局变量类>.I.挑战BOSS配置, Formatting.Indented)","admin-source/current/NetClientFrom/BOSS挑战配置窗口.cs","522"
"admin","NetClientFrom.BOSS挑战配置窗口","超级boss_重载按钮_Click","Singleton<全局变量类>.I.验证client.SendRT","10017","10017, 31","admin-source/current/NetClientFrom/BOSS挑战配置窗口.cs","527"
"admin","NetClientFrom.后台主页界面","InitializeCustomFeaturePages","Singleton<全局变量类>.I.验证client.SendRT","10018","10018, 1, JsonConvert.SerializeObject(Singleton<全局变量类>.I.首页配置, Formatting.Indented)","admin-source/current/NetClientFrom/CustomFeaturePages.cs","63"
"admin","NetClientFrom.后台主页界面","InitializeCustomFeaturePages","Singleton<全局变量类>.I.验证client.SendRT","10017","10017, 1","admin-source/current/NetClientFrom/CustomFeaturePages.cs","67"
"admin","NetClientFrom.后台主页界面","InitializeDaoYouPage","Singleton<全局变量类>.I.验证client.SendRT","10018","10018, 1, JsonConvert.SerializeObject(Singleton<全局变量类>.I.首页配置, Formatting.Indented)","admin-source/current/NetClientFrom/CustomFeaturePages.cs","120"
"admin","NetClientFrom.后台主页界面","InitializeDaoYouPage","Singleton<全局变量类>.I.验证client.SendRT","10017","10017, 1","admin-source/current/NetClientFrom/CustomFeaturePages.cs","124"
"admin","NetClientFrom.后台主页界面","BuildLuckPage","Singleton<全局变量类>.I.验证client.SendRT","10017","10017, 62","admin-source/current/NetClientFrom/CustomFeaturePages.cs","277"
"admin","NetClientFrom.后台主页界面","保存鸿运当头配置","Singleton<全局变量类>.I.验证client.SendRT","10018","10018, 62, JsonConvert.SerializeObject(config, Formatting.Indented)","admin-source/current/NetClientFrom/CustomFeaturePages.cs","440"
"admin","NetClientFrom.后台主页界面","BuildNostalgiaPage","Singleton<全局变量类>.I.验证client.SendRT","10017","10017, 49","admin-source/current/NetClientFrom/CustomFeaturePages.cs","482"
"admin","NetClientFrom.后台主页界面","保存怀旧专区配置","Singleton<全局变量类>.I.验证client.SendRT","10018","10018, 49, JsonConvert.SerializeObject(config, Formatting.Indented)","admin-source/current/NetClientFrom/CustomFeaturePages.cs","550"
"admin","NetClientFrom.六道轮回配置窗口","六道轮回_保存按钮_Click","Singleton<全局变量类>.I.验证client.SendRT","10018","10018, 8, JsonConvert.SerializeObject(Singleton<全局变量类>.I.六道轮回配置, Formatting.Indented)","admin-source/current/NetClientFrom/六道轮回配置窗口.cs","223"
"admin","NetClientFrom.六道轮回配置窗口","六道轮回_重载按钮_Click","Singleton<全局变量类>.I.验证client.SendRT","10017","10017, 8","admin-source/current/NetClientFrom/六道轮回配置窗口.cs","231"
"admin","NetClientFrom.南极抽奖配置窗口","南极抽奖_保存按钮_Click","Singleton<全局变量类>.I.验证client.SendRT","10018","10018, 2, JsonConvert.SerializeObject(Singleton<全局变量类>.I.南极配置, Formatting.Indented)","admin-source/current/NetClientFrom/南极抽奖配置窗口.cs","230"
"admin","NetClientFrom.南极抽奖配置窗口","南极抽奖_重载按钮_Click","Singleton<全局变量类>.I.验证client.SendRT","10017","10017, 2","admin-source/current/NetClientFrom/南极抽奖配置窗口.cs","238"
"admin","NetClientFrom.召唤精怪配置窗口","抓精怪_保存按钮_Click","Singleton<全局变量类>.I.验证client.SendRT","10018","10018, 44, JsonConvert.SerializeObject(Singleton<全局变量类>.I.召唤精怪配置, Formatting.Indented)","admin-source/current/NetClientFrom/召唤精怪配置窗口.cs","976"
"admin","NetClientFrom.召唤精怪配置窗口","抓精怪_重载按钮_Click","Singleton<全局变量类>.I.验证client.SendRT","10017","10017, 44","admin-source/current/NetClientFrom/召唤精怪配置窗口.cs","984"
"admin","NetClientFrom.后台主页界面","道具图标保存按钮_Click","Singleton<全局变量类>.I.验证client.SendRT","10018","10018, 73, JsonConvert.SerializeObject(Singleton<全局变量类>.I.道具数据配置, Formatting.Indented)","admin-source/current/NetClientFrom/后台主页界面.cs","4845"
"admin","NetClientFrom.后台主页界面","更新数据库防御按钮_Click","Singleton<全局变量类>.I.验证client.SendRT","10014","10014, true","admin-source/current/NetClientFrom/后台主页界面.cs","4963"
"admin","NetClientFrom.后台主页界面","基础_重载配置按钮_Click","Singleton<全局变量类>.I.验证client.SendRT","10017","10017, 1","admin-source/current/NetClientFrom/后台主页界面.cs","5273"
"admin","NetClientFrom.后台主页界面","基础_保存配置按钮_Click","Singleton<全局变量类>.I.验证client.SendRT","10018","10018, 1, JsonConvert.SerializeObject(Singleton<全局变量类>.I.首页配置, Formatting.Indented)","admin-source/current/NetClientFrom/后台主页界面.cs","5283"
"admin","NetClientFrom.后台主页界面","基础_放开端口按钮_Click","Singleton<全局变量类>.I.验证client.SendRT","10100","10100","admin-source/current/NetClientFrom/后台主页界面.cs","5291"
"admin","NetClientFrom.后台主页界面","基础_启动服务端按钮_Click","Singleton<全局变量类>.I.验证client.SendRT","10023","10023, string.Empty, ""2026-06-30""","admin-source/current/NetClientFrom/后台主页界面.cs","5314"
"admin","NetClientFrom.后台主页界面","基础_续费按钮_Click","Singleton<全局变量类>.I.验证client.SendRT","10024","10024, true","admin-source/current/NetClientFrom/后台主页界面.cs","5353"
"admin","NetClientFrom.后台主页界面","角色监控_刷新按钮_Click","Singleton<全局变量类>.I.验证client.SendRT","10029","10029, 监控_只看在线.Checked","admin-source/current/NetClientFrom/后台主页界面.cs","5364"
"admin","NetClientFrom.后台主页界面","角色监控_强制下线按钮_Click","Singleton<全局变量类>.I.验证client.SendRT","10030","10030, true","admin-source/current/NetClientFrom/后台主页界面.cs","5442"
"admin","NetClientFrom.后台主页界面","发送_点卡按钮_Click","Singleton<全局变量类>.I.验证client.SendRT","10082","10082, 发送_点卡账号.Text, (int)发送_点卡数量.Value","admin-source/current/NetClientFrom/后台主页界面.cs","5469"
"admin","NetClientFrom.后台主页界面","在线发货_刷新按钮_Click","Singleton<全局变量类>.I.验证client.SendRT","10029","10029, true","admin-source/current/NetClientFrom/后台主页界面.cs","5504"
"admin","NetClientFrom.后台主页界面","在线发货_确定发送按钮_Click","Singleton<全局变量类>.I.验证client.SendRT","10028","10028, 在线发货_角色列表.Text, (int)result, (int)在线发货_发送数量.Value, 在线发货_发送名字.Text","admin-source/current/NetClientFrom/后台主页界面.cs","5604"
"admin","NetClientFrom.后台主页界面","在线发货_确定发送洗炼按钮_Click","Singleton<全局变量类>.I.验证client.SendRT","10035","10035, (int)result, 在线发货_装备名字.Text, (int)在线发货_背包格子.Value, 在线发货_发送人.Text, 在线发货_洗炼属性1.Text, (int)在线发货_洗炼数值1.Value, 在线发货_洗炼属性2.Text, (int)在线发货_洗炼数值2.Value, 在线发货_洗炼属性3.Text, (int)在线发货_洗炼数值3.Value, 在线发货_洗炼属性4.Text, (int)在线发货_洗炼数值4.Value, 在线发货_洗炼属性5.Text, (int)在线发货_洗炼数值5.Value","admin-source/current/NetClientFrom/后台主页界面.cs","5648"
"admin","NetClientFrom.后台主页界面","cdk删除事件回调","Singleton<全局变量类>.I.验证client.SendRT","10027","10027, 当前key","admin-source/current/NetClientFrom/后台主页界面.cs","5669"
"admin","NetClientFrom.后台主页界面","cdk删除全部事件回调","Singleton<全局变量类>.I.验证client.SendRT","10027","10027, string.Empty","admin-source/current/NetClientFrom/后台主页界面.cs","5681"
"admin","NetClientFrom.后台主页界面","cdk兑换_生成cdk按钮_Click","Singleton<全局变量类>.I.验证client.SendRT","10025","10025, (int)result, (int)cdk兑换_生成数量.Value, cdk兑换_道具名字.Text, (int)cdk兑换_道具数量.Value","admin-source/current/NetClientFrom/后台主页界面.cs","5716"
"admin","NetClientFrom.后台主页界面","CDK_刷新列表按钮_Click","Singleton<全局变量类>.I.验证client.SendRT","10026","10026, true","admin-source/current/NetClientFrom/后台主页界面.cs","5778"
"admin","NetClientFrom.后台主页界面","网关_保存网关配置按钮_Click","Singleton<全局变量类>.I.验证client.SendRT","10018","10018, 35, JsonConvert.SerializeObject(Singleton<全局变量类>.I.网关Config, Formatting.Indented)","admin-source/current/NetClientFrom/后台主页界面.cs","6015"
"admin","NetClientFrom.后台主页界面","网关_重载网关配置按钮_Click","Singleton<全局变量类>.I.验证client.SendRT","10017","10017, 35","admin-source/current/NetClientFrom/后台主页界面.cs","6024"
"admin","NetClientFrom.后台主页界面","网关_启动网关按钮_Click","Singleton<全局变量类>.I.验证client.SendRT","10019","10019, true","admin-source/current/NetClientFrom/后台主页界面.cs","6037"
"admin","NetClientFrom.后台主页界面","网关_关闭网关按钮_Click","Singleton<全局变量类>.I.验证client.SendRT","10019","10019, false","admin-source/current/NetClientFrom/后台主页界面.cs","6045"
"admin","NetClientFrom.后台主页界面","个人发送事件处理","Singleton<全局变量类>.I.验证client.SendRT","10090","10090, (int)result, 角色汇总类2.GID, string.Empty","admin-source/current/NetClientFrom/后台主页界面.cs","6125"
"admin","NetClientFrom.后台主页界面","个人发送事件处理","Singleton<全局变量类>.I.验证client.SendRT","10090","10090, (int)result, 角色汇总类2.GID, string.Empty","admin-source/current/NetClientFrom/后台主页界面.cs","6129"
"admin","NetClientFrom.后台主页界面","个人发送事件处理","Singleton<全局变量类>.I.验证client.SendRT","10090","10090, (int)result, 角色汇总类2.GID, string.Empty","admin-source/current/NetClientFrom/后台主页界面.cs","6133"
"admin","NetClientFrom.后台主页界面","个人发送事件处理","Singleton<全局变量类>.I.验证client.SendRT","10090","10090, (int)result, 角色汇总类2.GID, string.Empty","admin-source/current/NetClientFrom/后台主页界面.cs","6137"
"admin","NetClientFrom.后台主页界面","个人发送事件处理","Singleton<全局变量类>.I.验证client.SendRT","10090","10090, (int)result, 角色汇总类2.GID, string.Empty","admin-source/current/NetClientFrom/后台主页界面.cs","6141"
"admin","NetClientFrom.后台主页界面","个人发送事件处理","Singleton<全局变量类>.I.验证client.SendRT","10090","10090, (int)result, 角色汇总类2.GID, string.Empty","admin-source/current/NetClientFrom/后台主页界面.cs","6145"
"admin","NetClientFrom.后台主页界面","个人发送事件处理","Singleton<全局变量类>.I.验证client.SendRT","10090","10090, (int)result, 角色汇总类2.GID, string.Empty","admin-source/current/NetClientFrom/后台主页界面.cs","6148"
"admin","NetClientFrom.后台主页界面","个人发送事件处理","Singleton<全局变量类>.I.验证client.SendRT","10090","10090, (int)result, 角色汇总类2.GID, string.Empty","admin-source/current/NetClientFrom/后台主页界面.cs","6151"
"admin","NetClientFrom.后台主页界面","个人发送事件处理","Singleton<全局变量类>.I.验证client.SendRT","10090","10090, (int)result, 角色汇总类2.GID, string.Empty","admin-source/current/NetClientFrom/后台主页界面.cs","6154"
"admin","NetClientFrom.后台主页界面","个人发送事件处理","Singleton<全局变量类>.I.验证client.SendRT","10090","10090, (int)result, 角色汇总类2.GID, string.Empty","admin-source/current/NetClientFrom/后台主页界面.cs","6157"
"admin","NetClientFrom.后台主页界面","个人发送事件处理","Singleton<全局变量类>.I.验证client.SendRT","10090","10090, (int)result, 角色汇总类2.GID, string.Empty","admin-source/current/NetClientFrom/后台主页界面.cs","6165"
"admin","NetClientFrom.后台主页界面","个人发送事件处理","Singleton<全局变量类>.I.验证client.SendRT","10090","10090, (int)result, 角色汇总类2.GID, string.Empty","admin-source/current/NetClientFrom/后台主页界面.cs","6173"
"admin","NetClientFrom.后台主页界面","个人发送事件处理","Singleton<全局变量类>.I.验证client.SendRT","10090","10090, (int)result, 角色汇总类2.GID, string.Empty","admin-source/current/NetClientFrom/后台主页界面.cs","6181"
"admin","NetClientFrom.后台主页界面","个人发送事件处理","Singleton<全局变量类>.I.验证client.SendRT","10090","10090, (int)result, 角色汇总类2.GID, string.Empty","admin-source/current/NetClientFrom/后台主页界面.cs","6189"
"admin","NetClientFrom.后台主页界面","个人发送事件处理","Singleton<全局变量类>.I.验证client.SendRT","10090","10090, (int)result, 角色汇总类2.GID, 角色汇总类2.账号","admin-source/current/NetClientFrom/后台主页界面.cs","6192"
"admin","NetClientFrom.后台主页界面","个人发送事件处理","Singleton<全局变量类>.I.验证client.SendRT","10090","10090, (int)result, 0, string.Empty","admin-source/current/NetClientFrom/后台主页界面.cs","6195"
"admin","NetClientFrom.后台主页界面","个人发送事件处理","Singleton<全局变量类>.I.验证client.SendRT","10090","10090, (int)result, 0, string.Empty","admin-source/current/NetClientFrom/后台主页界面.cs","6198"
"admin","NetClientFrom.后台主页界面","个人发送事件处理","Singleton<全局变量类>.I.验证client.SendRT","10090","10090, (int)result, 0, string.Empty","admin-source/current/NetClientFrom/后台主页界面.cs","6201"
"admin","NetClientFrom.后台主页界面","个人发送事件处理","Singleton<全局变量类>.I.验证client.SendRT","10090","10090, (int)result, 0, string.Empty","admin-source/current/NetClientFrom/后台主页界面.cs","6204"
"admin","NetClientFrom.后台主页界面","个人发送事件处理","Singleton<全局变量类>.I.验证client.SendRT","10090","10090, (int)result, 0, string.Empty","admin-source/current/NetClientFrom/后台主页界面.cs","6207"
"admin","NetClientFrom.后台主页界面","个人发送事件处理","Singleton<全局变量类>.I.验证client.SendRT","10090","10090, (int)result, 0, string.Empty","admin-source/current/NetClientFrom/后台主页界面.cs","6210"
"admin","NetClientFrom.后台主页界面","黑名单_保存按钮_Click","Singleton<全局变量类>.I.验证client.SendRT","10018","10018, 40, JsonConvert.SerializeObject(Singleton<全局变量类>.I.黑名单记录, Formatting.Indented)","admin-source/current/NetClientFrom/后台主页界面.cs","6243"
"admin","NetClientFrom.后台主页界面","黑名单_重载按钮_Click","Singleton<全局变量类>.I.验证client.SendRT","10017","10017, 40","admin-source/current/NetClientFrom/后台主页界面.cs","6251"
"admin","NetClientFrom.后台主页界面","GM_注册按钮_Click","Singleton<全局变量类>.I.验证client.SendRT","10046","10046, GM_账号.Text, GM_密码.Text, GM_安全码.Text, num, num2, num3, num4, int.Parse(GM_等级.Text)","admin-source/current/NetClientFrom/后台主页界面.cs","6359"
"admin","NetClientFrom.后台主页界面","奇宝确定修改事件回调","Singleton<全局变量类>.I.验证client.SendRT","10052","10052, 奇宝修改_编号.Text, 奇宝修改_名字.Text, (int)奇宝修改_价格.Value, (int)奇宝修改_数量.Value, (int)奇宝修改_图标.Value, 奇宝修改_账号.Text, (int)奇宝修改_权重.Value, 奇宝修改_时间.Text","admin-source/current/NetClientFrom/后台主页界面.cs","6396"
"admin","NetClientFrom.后台主页界面","奇宝删除事件回调","Singleton<全局变量类>.I.验证client.SendRT","10051","10051, cells[0].Value.ToString(), index","admin-source/current/NetClientFrom/后台主页界面.cs","6434"
"admin","NetClientFrom.后台主页界面","奇宝_添加商品按钮_Click","Singleton<全局变量类>.I.验证client.SendRT","10050","10050, 奇宝_物品名字.Text, (int)奇宝_物品价格.Value, (int)奇宝_出售数量.Value, 奇宝_寄售账号.Text, (int)奇宝_物品图标.Value, (int)奇宝_物品权重.Value","admin-source/current/NetClientFrom/后台主页界面.cs","6486"
"admin","NetClientFrom.后台主页界面","奇宝_重载配置按钮_Click","Singleton<全局变量类>.I.验证client.SendRT","10017","10017, 47","admin-source/current/NetClientFrom/后台主页界面.cs","6491"
"admin","NetClientFrom.后台主页界面","奇宝_保存配置按钮_Click","Singleton<全局变量类>.I.验证client.SendRT","10049","10049, 奇宝_开关.Checked, 奇宝_玩家开关.Checked, (int)奇宝_手续费.Value, 奇宝_充值网站.Text, 奇宝_可上架物品.Text, (int)奇宝_押金.Value, Singleton<全局变量类>.I.奇宝斋配置.奇宝点比例","admin-source/current/NetClientFrom/后台主页界面.cs","6503"
"admin","NetClientFrom.后台主页界面","奇宝_刷新记录_Click","Singleton<全局变量类>.I.验证client.SendRT","10079","10079, true","admin-source/current/NetClientFrom/后台主页界面.cs","6525"
"admin","NetClientFrom.后台主页界面","封包发送按钮_Click","Singleton<全局变量类>.I.验证client.SendRT","10036","10036, 封包_是否客户端.Checked, 封包_名字.Text, 封包文本.Text.Replace(""\r\n"", ""|"")","admin-source/current/NetClientFrom/后台主页界面.cs","6535"
"admin","NetClientFrom.后台主页界面","妖族_保存按钮_Click","Singleton<全局变量类>.I.验证client.SendRT","10018","10018, 48, JsonConvert.SerializeObject(Singleton<全局变量类>.I.妖族化形配置, Formatting.Indented)","admin-source/current/NetClientFrom/后台主页界面.cs","6559"
"admin","NetClientFrom.后台主页界面","妖族_重载按钮_Click","Singleton<全局变量类>.I.验证client.SendRT","10017","10017, 48","admin-source/current/NetClientFrom/后台主页界面.cs","6564"
"admin","NetClientFrom.后台主页界面","连接校验","Singleton<全局变量类>.I.验证client.SendRT","10014","10014, false","admin-source/current/NetClientFrom/后台主页界面.cs","6611"
"admin","NetClientFrom.后台主页界面","连接校验","Singleton<全局变量类>.I.验证client.SendRT","10015","10015, 登录_卡密.Text, 登录_账号.Text, 登录_密码.Text","admin-source/current/NetClientFrom/后台主页界面.cs","6614"
"admin","NetClientFrom.后台主页界面","返回保存配置","Singleton<全局变量类>.I.验证client.SendRT","10022","10022, true","admin-source/current/NetClientFrom/后台主页界面.cs","6743"
"admin","NetClientFrom.后台主页界面","全局多倍按钮_Click","Singleton<全局变量类>.I.验证client.SendRT","10048","10048, 全局开始时间.Text, 全局结束时间.Text, 全局最低等级.Text, 全局最高等级.Text, 全局倍率.Text","admin-source/current/NetClientFrom/后台主页界面.cs","7029"
"admin","NetClientFrom.后台主页界面","怀旧_重载按钮_Click","Singleton<全局变量类>.I.验证client.SendRT","10017","10017, 49","admin-source/current/NetClientFrom/后台主页界面.cs","7046"
"admin","NetClientFrom.后台主页界面","首饰系统_保存按钮_Click","Singleton<全局变量类>.I.验证client.SendRT","10018","10018, 50, JsonConvert.SerializeObject(Singleton<全局变量类>.I.首饰系统配置, Formatting.Indented)","admin-source/current/NetClientFrom/后台主页界面.cs","7097"
"admin","NetClientFrom.后台主页界面","首饰系统_重载按钮_Click","Singleton<全局变量类>.I.验证client.SendRT","10017","10017, 50","admin-source/current/NetClientFrom/后台主页界面.cs","7102"
"admin","NetClientFrom.后台主页界面","融丹_保存按钮_Click","Singleton<全局变量类>.I.验证client.SendRT","10018","10018, 51, JsonConvert.SerializeObject(Singleton<全局变量类>.I.融丹配置, Formatting.Indented)","admin-source/current/NetClientFrom/后台主页界面.cs","7315"
"admin","NetClientFrom.后台主页界面","融丹_重载按钮_Click","Singleton<全局变量类>.I.验证client.SendRT","10017","10017, 51","admin-source/current/NetClientFrom/后台主页界面.cs","7320"
"admin","NetClientFrom.后台主页界面","融丹_清空按钮_Click","Singleton<全局变量类>.I.验证client.SendRT","10053","10053, true","admin-source/current/NetClientFrom/后台主页界面.cs","7449"
"admin","NetClientFrom.后台主页界面","宠物系统保存按钮_Click","Singleton<全局变量类>.I.验证client.SendRT","10018","10018, 53, JsonConvert.SerializeObject(Singleton<全局变量类>.I.宠物突破配置, Formatting.Indented)","admin-source/current/NetClientFrom/后台主页界面.cs","7523"
"admin","NetClientFrom.后台主页界面","宠物系统重载按钮_Click","Singleton<全局变量类>.I.验证client.SendRT","10017","10017, 53","admin-source/current/NetClientFrom/后台主页界面.cs","7528"
"admin","NetClientFrom.后台主页界面","扩展宠物_保存按钮_Click","Singleton<全局变量类>.I.验证client.SendRT","10018","10018, 54, JsonConvert.SerializeObject(Singleton<全局变量类>.I.自定义宠物, Formatting.Indented)","admin-source/current/NetClientFrom/后台主页界面.cs","7558"
"admin","NetClientFrom.后台主页界面","扩展宠物_重载按钮_Click","Singleton<全局变量类>.I.验证client.SendRT","10017","10017, 54","admin-source/current/NetClientFrom/后台主页界面.cs","7563"
"admin","NetClientFrom.后台主页界面","宠物转生_保存按钮_Click","Singleton<全局变量类>.I.验证client.SendRT","10018","10018, 46, JsonConvert.SerializeObject(Singleton<全局变量类>.I.宠物转生配置, Formatting.Indented)","admin-source/current/NetClientFrom/后台主页界面.cs","7643"
"admin","NetClientFrom.后台主页界面","宠物转生_重载按钮_Click","Singleton<全局变量类>.I.验证client.SendRT","10017","10017, 46","admin-source/current/NetClientFrom/后台主页界面.cs","7648"
"admin","NetClientFrom.后台主页界面","装备_保存按钮_Click","Singleton<全局变量类>.I.验证client.SendRT","10018","10018, 55, JsonConvert.SerializeObject(Singleton<全局变量类>.I.装备系统配置, Formatting.Indented)","admin-source/current/NetClientFrom/后台主页界面.cs","7697"
"admin","NetClientFrom.后台主页界面","装备_重载按钮_Click","Singleton<全局变量类>.I.验证client.SendRT","10017","10017, 55","admin-source/current/NetClientFrom/后台主页界面.cs","7702"
"admin","NetClientFrom.后台主页界面","扩展掉落_保存按钮_Click","Singleton<全局变量类>.I.验证client.SendRT","10018","10018, 58, JsonConvert.SerializeObject(Singleton<全局变量类>.I.龙血BOSS配置, Formatting.Indented)","admin-source/current/NetClientFrom/后台主页界面.cs","7878"
"admin","NetClientFrom.后台主页界面","扩展掉落_重载按钮_Click","Singleton<全局变量类>.I.验证client.SendRT","10017","10017, 58","admin-source/current/NetClientFrom/后台主页界面.cs","7883"
"admin","NetClientFrom.后台主页界面","地府_保存按钮_Click","Singleton<全局变量类>.I.验证client.SendRT","10018","10018, 56, JsonConvert.SerializeObject(Singleton<全局变量类>.I.地府商城配置, Formatting.Indented)","admin-source/current/NetClientFrom/后台主页界面.cs","8008"
"admin","NetClientFrom.后台主页界面","地府_重载按钮_Click","Singleton<全局变量类>.I.验证client.SendRT","10017","10017, 56","admin-source/current/NetClientFrom/后台主页界面.cs","8013"
"admin","NetClientFrom.后台主页界面","精炼_保存按钮_Click","Singleton<全局变量类>.I.验证client.SendRT","10018","10018, 59, JsonConvert.SerializeObject(Singleton<全局变量类>.I.装备强化配置, Formatting.Indented)","admin-source/current/NetClientFrom/后台主页界面.cs","8218"
"admin","NetClientFrom.后台主页界面","精炼_重载按钮_Click","Singleton<全局变量类>.I.验证client.SendRT","10017","10017, 59","admin-source/current/NetClientFrom/后台主页界面.cs","8223"
"admin","NetClientFrom.后台主页界面","基础_保存日志按钮_Click","Singleton<全局变量类>.I.验证client.SendRT","10081","10081, true","admin-source/current/NetClientFrom/后台主页界面.cs","8228"
"admin","NetClientFrom.后台主页界面","分解_保存按钮_Click","Singleton<全局变量类>.I.验证client.SendRT","10018","10018, 57, JsonConvert.SerializeObject(Singleton<全局变量类>.I.装备分解配置, Formatting.Indented)","admin-source/current/NetClientFrom/后台主页界面.cs","8283"
"admin","NetClientFrom.后台主页界面","分解_重载按钮_Click","Singleton<全局变量类>.I.验证client.SendRT","10017","10017, 57","admin-source/current/NetClientFrom/后台主页界面.cs","8288"
"admin","NetClientFrom.后台主页界面","飘屏_保存按钮_Click","Singleton<全局变量类>.I.验证client.SendRT","10018","10018, 60, JsonConvert.SerializeObject(Singleton<全局变量类>.I.礼包飘屏配置, Formatting.Indented)","admin-source/current/NetClientFrom/后台主页界面.cs","8316"
"admin","NetClientFrom.后台主页界面","飘屏_重载按钮_Click","Singleton<全局变量类>.I.验证client.SendRT","10017","10017, 60","admin-source/current/NetClientFrom/后台主页界面.cs","8321"
"admin","NetClientFrom.后台主页界面","特效_保存按钮_Click","Singleton<全局变量类>.I.验证client.SendRT","10018","10018, 63, JsonConvert.SerializeObject(Singleton<全局变量类>.I.特效配置, Formatting.Indented)","admin-source/current/NetClientFrom/后台主页界面.cs","8380"
"admin","NetClientFrom.后台主页界面","特效_重载按钮_Click","Singleton<全局变量类>.I.验证client.SendRT","10017","10017, 63","admin-source/current/NetClientFrom/后台主页界面.cs","8385"
"admin","NetClientFrom.后台主页界面","进化_保存按钮_Click","Singleton<全局变量类>.I.验证client.SendRT","10018","10018, 61, JsonConvert.SerializeObject(Singleton<全局变量类>.I.超级进化配置, Formatting.Indented)","admin-source/current/NetClientFrom/后台主页界面.cs","8447"
"admin","NetClientFrom.后台主页界面","进化_重载按钮_Click","Singleton<全局变量类>.I.验证client.SendRT","10017","10017, 61","admin-source/current/NetClientFrom/后台主页界面.cs","8452"
"admin","NetClientFrom.后台主页界面","摆摊_保存按钮_Click","Singleton<全局变量类>.I.验证client.SendRT","10018","10018, 64, JsonConvert.SerializeObject(Singleton<全局变量类>.I.摆摊配置, Formatting.Indented)","admin-source/current/NetClientFrom/后台主页界面.cs","8471"
"admin","NetClientFrom.后台主页界面","摆摊_重载按钮_Click","Singleton<全局变量类>.I.验证client.SendRT","10017","10017, 64","admin-source/current/NetClientFrom/后台主页界面.cs","8476"
"admin","NetClientFrom.后台主页界面","智能_保存按钮_Click","Singleton<全局变量类>.I.验证client.SendRT","10018","10018, 65, JsonConvert.SerializeObject(Singleton<全局变量类>.I.智能怪物配置, Formatting.Indented)","admin-source/current/NetClientFrom/后台主页界面.cs","8576"
"admin","NetClientFrom.后台主页界面","智能_重载按钮_Click","Singleton<全局变量类>.I.验证client.SendRT","10017","10017, 65","admin-source/current/NetClientFrom/后台主页界面.cs","8581"
"admin","NetClientFrom.后台主页界面","神算_保存按钮_Click","Singleton<全局变量类>.I.验证client.SendRT","10018","10018, 66, JsonConvert.SerializeObject(Singleton<全局变量类>.I.天机神算配置, Formatting.Indented)","admin-source/current/NetClientFrom/后台主页界面.cs","8671"
"admin","NetClientFrom.后台主页界面","神算_重载按钮_Click","Singleton<全局变量类>.I.验证client.SendRT","10017","10017, 66","admin-source/current/NetClientFrom/后台主页界面.cs","8676"
"admin","NetClientFrom.后台主页界面","神算_清除按钮_Click","Singleton<全局变量类>.I.验证client.SendRT","10018","10018, 66, JsonConvert.SerializeObject(Singleton<全局变量类>.I.天机神算配置, Formatting.Indented)","admin-source/current/NetClientFrom/后台主页界面.cs","8685"
"admin","NetClientFrom.后台主页界面","合区_连接按钮_Click","Singleton<全局变量类>.I.验证client.SendRT","10083","10083, 1, 合区_ip.Text, 合区_密码.Text, 合区_端口.Text, 合区_账号.Text, 合区_表1.Text, 合区_表2.Text","admin-source/current/NetClientFrom/后台主页界面.cs","8754"
"admin","NetClientFrom.后台主页界面","合区_读取按钮_Click","Singleton<全局变量类>.I.验证client.SendRT","10083","10083, 2, 合区_ip.Text, 合区_密码.Text, 合区_端口.Text, 合区_账号.Text, 合区_表1.Text, 合区_表2.Text","admin-source/current/NetClientFrom/后台主页界面.cs","8759"
"admin","NetClientFrom.后台主页界面","合区_合批按钮_Click","Singleton<全局变量类>.I.验证client.SendRT","10083","10083, 3, 合区_ip.Text, 合区_密码.Text, 合区_端口.Text, 合区_账号.Text, 合区_表1.Text, 合区_表2.Text","admin-source/current/NetClientFrom/后台主页界面.cs","8766"
"admin","NetClientFrom.后台主页界面","娃娃_保存按钮_Click","Singleton<全局变量类>.I.验证client.SendRT","10018","10018, 68, JsonConvert.SerializeObject(Singleton<全局变量类>.I.娃娃配置, Formatting.Indented)","admin-source/current/NetClientFrom/后台主页界面.cs","8849"
"admin","NetClientFrom.后台主页界面","娃娃_重载按钮_Click","Singleton<全局变量类>.I.验证client.SendRT","10017","10017, 68","admin-source/current/NetClientFrom/后台主页界面.cs","8854"
"admin","NetClientFrom.后台主页界面","抓精怪_保存按钮_Click","Singleton<全局变量类>.I.验证client.SendRT","10018","10018, 44, JsonConvert.SerializeObject(Singleton<全局变量类>.I.召唤精怪配置, Formatting.Indented)","admin-source/current/NetClientFrom/后台主页界面.cs","9513"
"admin","NetClientFrom.后台主页界面","抓精怪_重载按钮_Click","Singleton<全局变量类>.I.验证client.SendRT","10017","10017, 44","admin-source/current/NetClientFrom/后台主页界面.cs","9521"
"admin","NetClientFrom.后台主页界面","适配_ETC适配按钮_Click","Singleton<全局变量类>.I.验证client.SendRT","10084","10084, Singleton<全局变量类>.I.首页配置.卡密","admin-source/current/NetClientFrom/后台主页界面.cs","9529"
"admin","NetClientFrom.后台主页界面","异兽录_保存按钮_Click","Singleton<全局变量类>.I.验证client.SendRT","10018","10018, 9, JsonConvert.SerializeObject(Singleton<全局变量类>.I.异兽录配置, Formatting.Indented)","admin-source/current/NetClientFrom/后台主页界面.cs","9725"
"admin","NetClientFrom.后台主页界面","异兽录_重载按钮_Click","Singleton<全局变量类>.I.验证client.SendRT","10017","10017, 9","admin-source/current/NetClientFrom/后台主页界面.cs","9732"
"admin","NetClientFrom.后台主页界面","浮生录_保存按钮_Click","Singleton<全局变量类>.I.验证client.SendRT","10018","10018, 12, JsonConvert.SerializeObject(Singleton<全局变量类>.I.浮生录配置, Formatting.Indented)","admin-source/current/NetClientFrom/后台主页界面.cs","9870"
"admin","NetClientFrom.后台主页界面","浮生录_重载按钮_Click","Singleton<全局变量类>.I.验证client.SendRT","10017","10017, 12","admin-source/current/NetClientFrom/后台主页界面.cs","9875"
"admin","NetClientFrom.后台主页界面","六道轮回_保存按钮_Click","Singleton<全局变量类>.I.验证client.SendRT","10018","10018, 8, JsonConvert.SerializeObject(Singleton<全局变量类>.I.六道轮回配置, Formatting.Indented)","admin-source/current/NetClientFrom/后台主页界面.cs","10036"
"admin","NetClientFrom.后台主页界面","六道轮回_重载按钮_Click","Singleton<全局变量类>.I.验证client.SendRT","10017","10017, 8","admin-source/current/NetClientFrom/后台主页界面.cs","10041"
"admin","NetClientFrom.后台主页界面","日常_保存按钮_Click","Singleton<全局变量类>.I.验证client.SendRT","10018","10018, 69, JsonConvert.SerializeObject(Singleton<全局变量类>.I.日常配置, Formatting.Indented)","admin-source/current/NetClientFrom/后台主页界面.cs","10578"
"admin","NetClientFrom.后台主页界面","日常_重载按钮_Click","Singleton<全局变量类>.I.验证client.SendRT","10017","10017, 69","admin-source/current/NetClientFrom/后台主页界面.cs","10583"
"admin","NetClientFrom.后台主页界面","元神系统配置保存按钮_Click","Singleton<全局变量类>.I.验证client.SendRT","10018","10018, 70, JsonConvert.SerializeObject(Singleton<全局变量类>.I.元神系统配置, Formatting.Indented)","admin-source/current/NetClientFrom/后台主页界面.cs","11036"
"admin","NetClientFrom.后台主页界面","元神系统配置重载按钮_Click","Singleton<全局变量类>.I.验证client.SendRT","10017","10017, 70","admin-source/current/NetClientFrom/后台主页界面.cs","11042"
"admin","NetClientFrom.后台主页界面","元神系统配置_清除首破存档_Click","Singleton<全局变量类>.I.验证client.SendRT","10017","10017, 37","admin-source/current/NetClientFrom/后台主页界面.cs","11049"
"admin","NetClientFrom.后台主页界面","元神系统配置_清除首破存档_Click","Singleton<全局变量类>.I.验证client.SendRT","10088","10088, JsonConvert.SerializeObject(Singleton<全局变量类>.I.全服共享存档数据, Formatting.Indented)","admin-source/current/NetClientFrom/后台主页界面.cs","11052"
"admin","NetClientFrom.后台主页界面","打狗_保存按钮_Click","Singleton<全局变量类>.I.验证client.SendRT","10018","10018, 71, JsonConvert.SerializeObject(Singleton<全局变量类>.I.狐狸和狗配置, Formatting.Indented)","admin-source/current/NetClientFrom/后台主页界面.cs","11073"
"admin","NetClientFrom.后台主页界面","打狗_重载按钮_Click","Singleton<全局变量类>.I.验证client.SendRT","10017","10017, 71","admin-source/current/NetClientFrom/后台主页界面.cs","11078"
"admin","NetClientFrom.后台主页界面","内充支付保存按钮_Click","Singleton<全局变量类>.I.验证client.SendRT","10018","10018, 72, JsonConvert.SerializeObject(Singleton<全局变量类>.I.内充支付配置, Formatting.Indented)","admin-source/current/NetClientFrom/后台主页界面.cs","11156"
"admin","NetClientFrom.后台主页界面","内充支付重载按钮_Click","Singleton<全局变量类>.I.验证client.SendRT","10017","10017, 72","admin-source/current/NetClientFrom/后台主页界面.cs","11161"
"admin","NetClientFrom.后台主页界面","封解_封按钮_Click","Singleton<全局变量类>.I.验证client.SendRT","10089","10089, true, 封解_账号.Text","admin-source/current/NetClientFrom/后台主页界面.cs","11192"
"admin","NetClientFrom.后台主页界面","封解_解按钮_Click","Singleton<全局变量类>.I.验证client.SendRT","10089","10089, false, 封解_账号.Text","admin-source/current/NetClientFrom/后台主页界面.cs","11202"
"admin","NetClientFrom.后台主页界面","货栈_保存按钮_Click","Singleton<全局变量类>.I.验证client.SendRT","10018","10018, 74, JsonConvert.SerializeObject(Singleton<全局变量类>.I.自助商店配置, Formatting.Indented)","admin-source/current/NetClientFrom/后台主页界面.cs","11255"
"admin","NetClientFrom.后台主页界面","货栈_重载按钮_Click","Singleton<全局变量类>.I.验证client.SendRT","10017","10017, 74","admin-source/current/NetClientFrom/后台主页界面.cs","11260"
"admin","NetClientFrom.商城限购配置窗口","初始化","Singleton<全局变量类>.I.验证client.SendRT","10055","10055, true","admin-source/current/NetClientFrom/商城限购配置窗口.cs","77"
"admin","NetClientFrom.商城限购配置窗口","商城限购_保存按钮_Click","Singleton<全局变量类>.I.验证client.SendRT","10018","10018, 29, JsonConvert.SerializeObject(Singleton<全局变量类>.I.商城限购配置, Formatting.Indented)","admin-source/current/NetClientFrom/商城限购配置窗口.cs","99"
"admin","NetClientFrom.商城限购配置窗口","商城限购_重载按钮_Click","Singleton<全局变量类>.I.验证client.SendRT","10017","10017, 29","admin-source/current/NetClientFrom/商城限购配置窗口.cs","107"
"admin","NetClientFrom.喊话聊天配置窗口","喊话_保存按钮_Click","Singleton<全局变量类>.I.验证client.SendRT","10018","10018, 6, JsonConvert.SerializeObject(Singleton<全局变量类>.I.喊话限制配置, Formatting.Indented)","admin-source/current/NetClientFrom/喊话聊天配置窗口.cs","179"
"admin","NetClientFrom.喊话聊天配置窗口","喊话_重载按钮_Click","Singleton<全局变量类>.I.验证client.SendRT","10017","10017, 6","admin-source/current/NetClientFrom/喊话聊天配置窗口.cs","187"
"admin","NetClientFrom.喊话聊天配置窗口","喊话_启动定时按钮_Click","Singleton<全局变量类>.I.验证client.SendRT","10018","10018, 6, JsonConvert.SerializeObject(Singleton<全局变量类>.I.喊话限制配置, Formatting.Indented)","admin-source/current/NetClientFrom/喊话聊天配置窗口.cs","236"
"admin","NetClientFrom.喊话聊天配置窗口","喊话_启动定时按钮_Click","Singleton<全局变量类>.I.验证client.SendRT","10047","10047, true","admin-source/current/NetClientFrom/喊话聊天配置窗口.cs","237"
"admin","NetClientFrom.喊话聊天配置窗口","喊话_停止定时按钮_Click","Singleton<全局变量类>.I.验证client.SendRT","10018","10018, 6, JsonConvert.SerializeObject(Singleton<全局变量类>.I.喊话限制配置, Formatting.Indented)","admin-source/current/NetClientFrom/喊话聊天配置窗口.cs","246"
"admin","NetClientFrom.喊话聊天配置窗口","喊话_停止定时按钮_Click","Singleton<全局变量类>.I.验证client.SendRT","10047","10047, false","admin-source/current/NetClientFrom/喊话聊天配置窗口.cs","247"
"admin","NetClientFrom.在线抽奖配置窗口","抽奖_保存按钮_Click","Singleton<全局变量类>.I.验证client.SendRT","10018","10018, 43, JsonConvert.SerializeObject(Singleton<全局变量类>.I.在线抽奖配置, Formatting.Indented)","admin-source/current/NetClientFrom/在线抽奖配置窗口.cs","201"
"admin","NetClientFrom.在线抽奖配置窗口","抽奖_重载按钮_Click","Singleton<全局变量类>.I.验证client.SendRT","10017","10017, 43","admin-source/current/NetClientFrom/在线抽奖配置窗口.cs","209"
"admin","NetClientFrom.在线抽奖配置窗口","抽奖_重置按钮_Click","Singleton<全局变量类>.I.验证client.SendRT","10018","10018, 43, JsonConvert.SerializeObject(Singleton<全局变量类>.I.在线抽奖配置, Formatting.Indented)","admin-source/current/NetClientFrom/在线抽奖配置窗口.cs","218"
"admin","NetClientFrom.大飞共生双属性窗口","大飞_保存按钮_Click","Singleton<全局变量类>.I.验证client.SendRT","10018","10018, 27, JsonConvert.SerializeObject(Singleton<全局变量类>.I.一键大飞配置, Formatting.Indented)","admin-source/current/NetClientFrom/大飞共生双属性窗口.cs","210"
"admin","NetClientFrom.大飞共生双属性窗口","大飞_重载按钮_Click","Singleton<全局变量类>.I.验证client.SendRT","10017","10017, 27","admin-source/current/NetClientFrom/大飞共生双属性窗口.cs","218"
"admin","NetClientFrom.大飞共生双属性窗口","共生_保存按钮_Click","Singleton<全局变量类>.I.验证client.SendRT","10018","10018, 28, JsonConvert.SerializeObject(Singleton<全局变量类>.I.法宝共生配置, Formatting.Indented)","admin-source/current/NetClientFrom/大飞共生双属性窗口.cs","227"
"admin","NetClientFrom.大飞共生双属性窗口","共生_重载按钮_Click","Singleton<全局变量类>.I.验证client.SendRT","10017","10017, 28","admin-source/current/NetClientFrom/大飞共生双属性窗口.cs","235"
"admin","NetClientFrom.宠物召唤配置窗口","宠物召唤_保存按钮_Click","Singleton<全局变量类>.I.验证client.SendRT","10018","10018, 22, JsonConvert.SerializeObject(Singleton<全局变量类>.I.宠物召唤配置, Formatting.Indented)","admin-source/current/NetClientFrom/宠物召唤配置窗口.cs","216"
"admin","NetClientFrom.宠物召唤配置窗口","宠物召唤_重载按钮_Click","Singleton<全局变量类>.I.验证client.SendRT","10017","10017, 22","admin-source/current/NetClientFrom/宠物召唤配置窗口.cs","224"
"admin","NetClientFrom.宠物绑定配置窗口","宠物绑定_保存按钮_Click","Singleton<全局变量类>.I.验证client.SendRT","10018","10018, 25, JsonConvert.SerializeObject(Singleton<全局变量类>.I.宠物绑定配置, Formatting.Indented)","admin-source/current/NetClientFrom/宠物绑定配置窗口.cs","210"
"admin","NetClientFrom.宠物绑定配置窗口","宠物绑定_重载按钮_Click","Singleton<全局变量类>.I.验证client.SendRT","10017","10017, 25","admin-source/current/NetClientFrom/宠物绑定配置窗口.cs","218"
"admin","NetClientFrom.属性洗炼配置窗口","洗炼_保存按钮_Click","Singleton<全局变量类>.I.验证client.SendRT","10018","10018, 19, JsonConvert.SerializeObject(Singleton<全局变量类>.I.属性洗炼配置, Formatting.Indented)","admin-source/current/NetClientFrom/属性洗炼配置窗口.cs","828"
"admin","NetClientFrom.属性洗炼配置窗口","洗炼_重载按钮_Click","Singleton<全局变量类>.I.验证client.SendRT","10017","10017, 19","admin-source/current/NetClientFrom/属性洗炼配置窗口.cs","836"
"admin","NetClientFrom.异兽录配置窗口","异兽录_保存按钮_Click","Singleton<全局变量类>.I.验证client.SendRT","10018","10018, 9, JsonConvert.SerializeObject(Singleton<全局变量类>.I.异兽录配置, Formatting.Indented)","admin-source/current/NetClientFrom/异兽录配置窗口.cs","302"
"admin","NetClientFrom.异兽录配置窗口","异兽录_重载按钮_Click","Singleton<全局变量类>.I.验证client.SendRT","10017","10017, 9","admin-source/current/NetClientFrom/异兽录配置窗口.cs","310"
"admin","NetClientFrom.推荐拉人配置窗口","推荐_保存按钮_Click","Singleton<全局变量类>.I.验证client.SendRT","10018","10018, 11, JsonConvert.SerializeObject(Singleton<全局变量类>.I.推荐拉人配置, Formatting.Indented)","admin-source/current/NetClientFrom/推荐拉人配置窗口.cs","158"
"admin","NetClientFrom.推荐拉人配置窗口","推荐_重载按钮_Click","Singleton<全局变量类>.I.验证client.SendRT","10017","10017, 11","admin-source/current/NetClientFrom/推荐拉人配置窗口.cs","166"
"admin","NetClientFrom.无双争夺战配置窗口","无双_保存按钮_Click","Singleton<全局变量类>.I.验证client.SendRT","10018","10018, 10, JsonConvert.SerializeObject(Singleton<全局变量类>.I.圣无双配置, Formatting.Indented)","admin-source/current/NetClientFrom/无双争夺战配置窗口.cs","293"
"admin","NetClientFrom.无双争夺战配置窗口","无双_保存按钮_Click","Singleton<全局变量类>.I.验证client.SendRT","10018","10018, 37, JsonConvert.SerializeObject(Singleton<全局变量类>.I.全服共享存档数据.无双排行数据.大圣雕像, Formatting.Indented)","admin-source/current/NetClientFrom/无双争夺战配置窗口.cs","294"
"admin","NetClientFrom.无双争夺战配置窗口","无双_重载按钮_Click","Singleton<全局变量类>.I.验证client.SendRT","10017","10017, 10","admin-source/current/NetClientFrom/无双争夺战配置窗口.cs","302"
"admin","NetClientFrom.无双争夺战配置窗口","无双_重载按钮_Click","Singleton<全局变量类>.I.验证client.SendRT","10017","10017, 37","admin-source/current/NetClientFrom/无双争夺战配置窗口.cs","303"
"admin","NetClientFrom.无双争夺战配置窗口","无双_开启按钮_Click","Singleton<全局变量类>.I.验证client.SendRT","10031","10031, true","admin-source/current/NetClientFrom/无双争夺战配置窗口.cs","557"
"admin","NetClientFrom.无双争夺战配置窗口","无双_结束按钮_Click","Singleton<全局变量类>.I.验证client.SendRT","10032","10032, false","admin-source/current/NetClientFrom/无双争夺战配置窗口.cs","565"
"admin","NetClientFrom.无双争夺战配置窗口","无双_刷新战场按钮_Click","Singleton<全局变量类>.I.验证client.SendRT","10033","10033, true","admin-source/current/NetClientFrom/无双争夺战配置窗口.cs","584"
"admin","NetClientFrom.无双争夺战配置窗口","淘汰事件回调","Singleton<全局变量类>.I.验证client.SendRT","10034","10034, text","admin-source/current/NetClientFrom/无双争夺战配置窗口.cs","615"
"admin","NetClientFrom.时装坐姿染色配置窗口","坐姿_保存按钮_Click","Singleton<全局变量类>.I.验证client.SendRT","10018","10018, 20, JsonConvert.SerializeObject(Singleton<全局变量类>.I.时装坐姿染色配置, Formatting.Indented)","admin-source/current/NetClientFrom/时装坐姿染色配置窗口.cs","358"
"admin","NetClientFrom.时装坐姿染色配置窗口","坐姿_重载按钮_Click","Singleton<全局变量类>.I.验证client.SendRT","10017","10017, 20","admin-source/current/NetClientFrom/时装坐姿染色配置窗口.cs","366"
"admin","NetClientFrom.泡点设置","泡点_保存按钮_Click","Singleton<全局变量类>.I.验证client.SendRT","10018","10018, 4, JsonConvert.SerializeObject(Singleton<全局变量类>.I.在线泡点配置, Formatting.Indented)","admin-source/current/NetClientFrom/泡点设置.cs","171"
"admin","NetClientFrom.泡点设置","泡点_重载按钮_Click","Singleton<全局变量类>.I.验证client.SendRT","10017","10017, 4","admin-source/current/NetClientFrom/泡点设置.cs","179"
"admin","NetClientFrom.活跃度奖励配置窗口","活跃度_保存按钮_Click","Singleton<全局变量类>.I.验证client.SendRT","10018","10018, 39, JsonConvert.SerializeObject(Singleton<全局变量类>.I.活跃度配置, Formatting.Indented)","admin-source/current/NetClientFrom/活跃度奖励配置窗口.cs","210"
"admin","NetClientFrom.活跃度奖励配置窗口","活跃度_重载按钮_Click","Singleton<全局变量类>.I.验证client.SendRT","10017","10017, 39","admin-source/current/NetClientFrom/活跃度奖励配置窗口.cs","218"
"admin","NetClientFrom.浮生录配置窗口","浮生录_保存按钮_Click","Singleton<全局变量类>.I.验证client.SendRT","10018","10018, 12, JsonConvert.SerializeObject(Singleton<全局变量类>.I.浮生录配置, Formatting.Indented)","admin-source/current/NetClientFrom/浮生录配置窗口.cs","357"
"admin","NetClientFrom.浮生录配置窗口","浮生录_重载按钮_Click","Singleton<全局变量类>.I.验证client.SendRT","10017","10017, 12","admin-source/current/NetClientFrom/浮生录配置窗口.cs","365"
"admin","NetClientFrom.燃煤同源转门派窗口","燃眉_保存按钮_Click","Singleton<全局变量类>.I.验证client.SendRT","10018","10018, 16, JsonConvert.SerializeObject(Singleton<全局变量类>.I.燃眉配置, Formatting.Indented)","admin-source/current/NetClientFrom/燃煤同源转门派窗口.cs","395"
"admin","NetClientFrom.燃煤同源转门派窗口","燃眉_重载按钮_Click","Singleton<全局变量类>.I.验证client.SendRT","10017","10017, 16","admin-source/current/NetClientFrom/燃煤同源转门派窗口.cs","403"
"admin","NetClientFrom.燃煤同源转门派窗口","转门派_保存配置按钮_Click","Singleton<全局变量类>.I.验证client.SendRT","10018","10018, 18, JsonConvert.SerializeObject(Singleton<全局变量类>.I.门派转换配置, Formatting.Indented)","admin-source/current/NetClientFrom/燃煤同源转门派窗口.cs","456"
"admin","NetClientFrom.燃煤同源转门派窗口","转门派_重载配置按钮_Click","Singleton<全局变量类>.I.验证client.SendRT","10017","10017, 18","admin-source/current/NetClientFrom/燃煤同源转门派窗口.cs","464"
"admin","NetClientFrom.燃煤同源转门派窗口","同源_保存配置按钮_Click","Singleton<全局变量类>.I.验证client.SendRT","10018","10018, 17, JsonConvert.SerializeObject(Singleton<全局变量类>.I.宠物同源配置, Formatting.Indented)","admin-source/current/NetClientFrom/燃煤同源转门派窗口.cs","575"
"admin","NetClientFrom.燃煤同源转门派窗口","同源_重载配置按钮_Click","Singleton<全局变量类>.I.验证client.SendRT","10017","10017, 17","admin-source/current/NetClientFrom/燃煤同源转门派窗口.cs","583"
"admin","NetClientFrom.特权会员配置窗口","特权会员_保存按钮_Click","Singleton<全局变量类>.I.验证client.SendRT","10018","10018, 7, JsonConvert.SerializeObject(Singleton<全局变量类>.I.指定会员配置, Formatting.Indented)","admin-source/current/NetClientFrom/特权会员配置窗口.cs","126"
"admin","NetClientFrom.特权会员配置窗口","特权会员_重载按钮_Click","Singleton<全局变量类>.I.验证client.SendRT","10017","10017, 7","admin-source/current/NetClientFrom/特权会员配置窗口.cs","134"
"admin","NetClientFrom.百炼合成配置窗口","百炼_保存按钮_Click","Singleton<全局变量类>.I.验证client.SendRT","10018","10018, 34, JsonConvert.SerializeObject(Singleton<全局变量类>.I.百炼功能配置, Formatting.Indented)","admin-source/current/NetClientFrom/百炼合成配置窗口.cs","246"
"admin","NetClientFrom.百炼合成配置窗口","百炼_重载按钮_Click","Singleton<全局变量类>.I.验证client.SendRT","10017","10017, 34","admin-source/current/NetClientFrom/百炼合成配置窗口.cs","254"
"admin","NetClientFrom.盲盒配置窗口","盲盒_保存按钮_Click","Singleton<全局变量类>.I.验证client.SendRT","10018","10018, 42, JsonConvert.SerializeObject(Singleton<全局变量类>.I.盲盒配置, Formatting.Indented)","admin-source/current/NetClientFrom/盲盒配置窗口.cs","278"
"admin","NetClientFrom.盲盒配置窗口","盲盒_重载按钮_Click","Singleton<全局变量类>.I.验证client.SendRT","10017","10017, 42","admin-source/current/NetClientFrom/盲盒配置窗口.cs","286"
"admin","NetClientFrom.礼包开元宝配置窗口","元宝礼包_保存按钮_Click","Singleton<全局变量类>.I.验证client.SendRT","10018","10018, 30, JsonConvert.SerializeObject(Singleton<全局变量类>.I.礼包开元宝配置, Formatting.Indented)","admin-source/current/NetClientFrom/礼包开元宝配置窗口.cs","265"
"admin","NetClientFrom.礼包开元宝配置窗口","元宝礼包_重载按钮_Click","Singleton<全局变量类>.I.验证client.SendRT","10017","10017, 30","admin-source/current/NetClientFrom/礼包开元宝配置窗口.cs","273"
"admin","NetClientFrom.等级道行限制配置窗口","检测_保存按钮_Click","Singleton<全局变量类>.I.验证client.SendRT","10018","10018, 21, JsonConvert.SerializeObject(Singleton<全局变量类>.I.等级道行检测, Formatting.Indented)","admin-source/current/NetClientFrom/等级道行限制配置窗口.cs","96"
"admin","NetClientFrom.等级道行限制配置窗口","检测_重载按钮_Click","Singleton<全局变量类>.I.验证client.SendRT","10017","10017, 21","admin-source/current/NetClientFrom/等级道行限制配置窗口.cs","104"
"admin","NetClientFrom.签到配置窗口","签到_保存按钮_Click","Singleton<全局变量类>.I.验证client.SendRT","10018","10018, 41, JsonConvert.SerializeObject(Singleton<全局变量类>.I.签到配置, Formatting.Indented)","admin-source/current/NetClientFrom/签到配置窗口.cs","342"
"admin","NetClientFrom.签到配置窗口","签到_重载按钮_Click","Singleton<全局变量类>.I.验证client.SendRT","10017","10017, 41","admin-source/current/NetClientFrom/签到配置窗口.cs","350"
"admin","NetClientFrom.累充返利配置窗口","累充返利_保存按钮_Click","Singleton<全局变量类>.I.验证client.SendRT","10018","10018, 3, JsonConvert.SerializeObject(Singleton<全局变量类>.I.累充配置, Formatting.Indented)","admin-source/current/NetClientFrom/累充返利配置窗口.cs","195"
"admin","NetClientFrom.累充返利配置窗口","累充返利_重载按钮_Click","Singleton<全局变量类>.I.验证client.SendRT","10017","10017, 3","admin-source/current/NetClientFrom/累充返利配置窗口.cs","203"
"admin","NetClientFrom.自定义守护窗口","守护_保存按钮_Click","Singleton<全局变量类>.I.验证client.SendRT","10018","10018, 52, JsonConvert.SerializeObject(Singleton<全局变量类>.I.守护配置, Formatting.Indented)","admin-source/current/NetClientFrom/自定义守护窗口.cs","166"
"admin","NetClientFrom.自定义守护窗口","守护_重载按钮_Click","Singleton<全局变量类>.I.验证client.SendRT","10017","10017, 52","admin-source/current/NetClientFrom/自定义守护窗口.cs","174"
"admin","NetClientFrom.自定义邮箱配置窗口","邮箱_保存按钮_Click","Singleton<全局变量类>.I.验证client.SendRT","10018","10018, 33, JsonConvert.SerializeObject(Singleton<全局变量类>.I.邮箱配置, Formatting.Indented)","admin-source/current/NetClientFrom/自定义邮箱配置窗口.cs","109"
"admin","NetClientFrom.自定义邮箱配置窗口","邮箱_重载按钮_Click","Singleton<全局变量类>.I.验证client.SendRT","10017","10017, 33","admin-source/current/NetClientFrom/自定义邮箱配置窗口.cs","117"
"admin","NetClientFrom.自定义邮箱配置窗口","邮箱_自定义发送按钮_Click","Singleton<全局变量类>.I.验证client.SendRT","10054","10054, 邮箱_角色列表.Text, 邮箱_自定义邮箱内容.Text","admin-source/current/NetClientFrom/自定义邮箱配置窗口.cs","130"
"admin","NetClientFrom.自选礼包配置窗口","自选_保存按钮_Click","Singleton<全局变量类>.I.验证client.SendRT","10018","10018, 24, JsonConvert.SerializeObject(Singleton<全局变量类>.I.自选道具配置, Formatting.Indented)","admin-source/current/NetClientFrom/自选礼包配置窗口.cs","199"
"admin","NetClientFrom.自选礼包配置窗口","自选_重载按钮_Click","Singleton<全局变量类>.I.验证client.SendRT","10017","10017, 24","admin-source/current/NetClientFrom/自选礼包配置窗口.cs","207"
"admin","NetClientFrom.试道大会配置窗口","试道_保存按钮_Click","Singleton<全局变量类>.I.验证client.SendRT","10018","10018, 45, JsonConvert.SerializeObject(Singleton<全局变量类>.I.试道大会配置, Formatting.Indented)","admin-source/current/NetClientFrom/试道大会配置窗口.cs","193"
"admin","NetClientFrom.试道大会配置窗口","试道_重载按钮_Click","Singleton<全局变量类>.I.验证client.SendRT","10017","10017, 45","admin-source/current/NetClientFrom/试道大会配置窗口.cs","201"
"admin","NetClientFrom.试道大会配置窗口","试道_刷新按钮_Click","Singleton<全局变量类>.I.验证client.SendRT","10044","10044, true","admin-source/current/NetClientFrom/试道大会配置窗口.cs","210"
"admin","NetClientFrom.试道大会配置窗口","试道_发送按钮_Click","Singleton<全局变量类>.I.验证client.SendRT","10045","10045, (int)试道_发送金元宝.Value, (int)试道_发送银元宝.Value","admin-source/current/NetClientFrom/试道大会配置窗口.cs","246"
"admin","NetClientFrom.超级NPC配置窗口","超级npc_保存按钮_Click","Singleton<全局变量类>.I.验证client.SendRT","10018","10018, 36, JsonConvert.SerializeObject(Singleton<全局变量类>.I.超级NPC配置, Formatting.Indented)","admin-source/current/NetClientFrom/超级NPC配置窗口.cs","360"
"admin","NetClientFrom.超级NPC配置窗口","超级npc_重载按钮_Click","Singleton<全局变量类>.I.验证client.SendRT","10017","10017, 36","admin-source/current/NetClientFrom/超级NPC配置窗口.cs","368"
"admin","NetClientFrom.超级地图配置窗口","超级地图_保存按钮_Click","Singleton<全局变量类>.I.验证client.SendRT","10018","10018, 26, JsonConvert.SerializeObject(Singleton<全局变量类>.I.超级地图配置, Formatting.Indented)","admin-source/current/NetClientFrom/超级地图配置窗口.cs","330"
"admin","NetClientFrom.超级地图配置窗口","超级地图_重载按钮_Click","Singleton<全局变量类>.I.验证client.SendRT","10017","10017, 26","admin-source/current/NetClientFrom/超级地图配置窗口.cs","336"
"admin","NetClientFrom.超级坐骑配置窗口","超级坐骑_保存按钮_Click","Singleton<全局变量类>.I.验证client.SendRT","10018","10018, 32, JsonConvert.SerializeObject(Singleton<全局变量类>.I.超级坐骑配置, Formatting.Indented)","admin-source/current/NetClientFrom/超级坐骑配置窗口.cs","226"
"admin","NetClientFrom.超级坐骑配置窗口","超级坐骑_重载按钮_Click","Singleton<全局变量类>.I.验证client.SendRT","10017","10017, 32","admin-source/current/NetClientFrom/超级坐骑配置窗口.cs","234"
"admin","NetClientFrom.超级道具配置窗口","超级道具_保存按钮_Click","Singleton<全局变量类>.I.验证client.SendRT","10018","10018, 15, JsonConvert.SerializeObject(Singleton<全局变量类>.I.超级道具配置, Formatting.Indented)","admin-source/current/NetClientFrom/超级道具配置窗口.cs","506"
"admin","NetClientFrom.超级道具配置窗口","超级道具_重载按钮_Click","Singleton<全局变量类>.I.验证client.SendRT","10017","10017, 15","admin-source/current/NetClientFrom/超级道具配置窗口.cs","514"
"admin","NetClientFrom.通天塔突破配置窗口","通天塔_保存按钮_Click","Singleton<全局变量类>.I.验证client.SendRT","10018","10018, 23, JsonConvert.SerializeObject(Singleton<全局变量类>.I.通天塔突破配置, Formatting.Indented)","admin-source/current/NetClientFrom/通天塔突破配置窗口.cs","171"
"admin","NetClientFrom.通天塔突破配置窗口","通天塔_重载按钮_Click","Singleton<全局变量类>.I.验证client.SendRT","10017","10017, 23","admin-source/current/NetClientFrom/通天塔突破配置窗口.cs","179"
"admin","NetClientFrom.道具宠物回收配置窗口","回收_保存按钮_Click","Singleton<全局变量类>.I.验证client.SendRT","10018","10018, 5, JsonConvert.SerializeObject(Singleton<全局变量类>.I.道具宠物回收配置, Formatting.Indented)","admin-source/current/NetClientFrom/道具宠物回收配置窗口.cs","414"
"admin","NetClientFrom.道具宠物回收配置窗口","回收_重载按钮_Click","Singleton<全局变量类>.I.验证client.SendRT","10017","10017, 5","admin-source/current/NetClientFrom/道具宠物回收配置窗口.cs","422"
"admin","NetClientFrom.道行达标奖励配置窗口","道行达标_保存按钮_Click","Singleton<全局变量类>.I.验证client.SendRT","10018","10018, 38, JsonConvert.SerializeObject(Singleton<全局变量类>.I.道行达标配置, Formatting.Indented)","admin-source/current/NetClientFrom/道行达标奖励配置窗口.cs","104"
"admin","NetClientFrom.道行达标奖励配置窗口","道行达标_重载按钮_Click","Singleton<全局变量类>.I.验证client.SendRT","10017","10017, 38","admin-source/current/NetClientFrom/道行达标奖励配置窗口.cs","112"
"admin","NetClientFrom.限时副本地图配置窗口","保存到插件","Singleton<全局变量类>.I.验证client.SendRT","10018","10018, TimedDungeonConfigType, JsonConvert.SerializeObject(配置, Formatting.Indented)","admin-source/current/NetClientFrom/限时副本地图配置窗口.cs","132"
"admin","NetClientFrom.限时副本地图配置窗口","从插件重载","Singleton<全局变量类>.I.验证client.SendRT","10017","10017, TimedDungeonConfigType","admin-source/current/NetClientFrom/限时副本地图配置窗口.cs","138"
