"Project","Type","Method","HashExpression","Parameters","File","Line"
"plugin-core","MyGdTcpClient","验证插件返回","10004","bool 是否成功; string 真实IP; string 提示文本; string 到期时间; string 插件类型","plugin-source/v10-source-restoration/MyGdTcpClient.cs","227"
"plugin-core","MyGdTcpClient","续费插件返回","10007","bool 是否成功; string 真实IP; string 提示文本; string 到期时间","plugin-source/v10-source-restoration/MyGdTcpClient.cs","248"
"plugin-core","MyGdTcpClient","强制用户下线","10016","bool 是否到期","plugin-source/v10-source-restoration/MyGdTcpClient.cs","254"
"plugin-core","MyGdTcpClient","初始连接返回","10001","string value","plugin-source/v10-source-restoration/MyGdTcpClient.cs","260"
"plugin-core","MyGdTcpClient","更新用户授权信息","10005","string value","plugin-source/v10-source-restoration/MyGdTcpClient.cs","266"
"plugin-core","MyGdTcpClient","更新公告返回","10006","string value","plugin-source/v10-source-restoration/MyGdTcpClient.cs","272"
"plugin-core","MyGdTcpClient","返回验证QQ","10087","bool IsTrue","plugin-source/v10-source-restoration/MyGdTcpClient.cs","283"
"plugin-core","WdServer","h1jlEfBrgt","10014","Player P_0; bool P_1","plugin-source/v10-source-restoration/WdServer.cs","757"
"plugin-core","WdServer","eCvl3Qjo7w","10015","Player P_0; string P_1; string P_2; string P_3","plugin-source/v10-source-restoration/WdServer.cs","780"
"plugin-core","WdServer","N3ilY2Koyd","10017","Player P_0; int P_1","plugin-source/v10-source-restoration/WdServer.cs","903"
"plugin-core","WdServer","hYblpshwyM","10018","Player P_0; int P_1; string P_2","plugin-source/v10-source-restoration/WdServer.cs","1213"
"plugin-core","WdServer","Mf5l1VWOSw","10019","Player P_0; bool P_1","plugin-source/v10-source-restoration/WdServer.cs","1527"
"plugin-core","WdServer","HBDlxsBCXv","10020","Player P_0; bool P_1","plugin-source/v10-source-restoration/WdServer.cs","1541"
"plugin-core","WdServer","LZplHl3Z9J","10021","Player P_0; string P_1","plugin-source/v10-source-restoration/WdServer.cs","1583"
"plugin-core","WdServer","euHl4vZl5F","10022","Player P_0; bool P_1","plugin-source/v10-source-restoration/WdServer.cs","1599"
"plugin-core","WdServer","lqsleDO8yt","10085","Player P_0; string P_1","plugin-source/v10-source-restoration/WdServer.cs","1629"
"plugin-core","WdServer","BkElqTwyog","10023","Player P_0; string P_1; string P_2","plugin-source/v10-source-restoration/WdServer.cs","1635"
"plugin-core","WdServer","OpenPlayerPorts","10100","Player player","plugin-source/v10-source-restoration/WdServer.cs","1805"
"plugin-core","WdServer","AS7lZZkAjd","10024","Player P_0; bool P_1","plugin-source/v10-source-restoration/WdServer.cs","1871"
"plugin-core","WdServer","JrSltxoVqu","10025","Player P_0; int P_1; int P_2; string P_3; int P_4","plugin-source/v10-source-restoration/WdServer.cs","1934"
"plugin-core","WdServer","I7LlAIe5S8","10026","Player P_0; bool P_1","plugin-source/v10-source-restoration/WdServer.cs","1958"
"plugin-core","WdServer","gcolzBeURO","10027","Player P_0; string P_1","plugin-source/v10-source-restoration/WdServer.cs","1981"
"plugin-core","WdServer","cvi8u3DZ8m","10028","Player P_0; string P_1; int P_2; int P_3; string P_4","plugin-source/v10-source-restoration/WdServer.cs","1998"
"plugin-core","WdServer","t4R8wPOepr","10029","Player P_0; bool P_1","plugin-source/v10-source-restoration/WdServer.cs","2041"
"plugin-core","WdServer","强制所有玩家下线","10030","Player player; bool 是否保存","plugin-source/v10-source-restoration/WdServer.cs","2098"
"plugin-core","WdServer","cH18br30CY","10031","Player P_0; bool P_1","plugin-source/v10-source-restoration/WdServer.cs","2163"
"plugin-core","WdServer","Uc98Jqshkd","10032","Player P_0; bool P_1","plugin-source/v10-source-restoration/WdServer.cs","2185"
"plugin-core","WdServer","u9v8KnUiDQ","10033","Player P_0; bool P_1","plugin-source/v10-source-restoration/WdServer.cs","2207"
"plugin-core","WdServer","rsL8R4FUQv","10034","Player P_0; string P_1","plugin-source/v10-source-restoration/WdServer.cs","2235"
"plugin-core","WdServer","iy48dd1yC6","10035","Player P_0; int P_1; string P_2; int P_3; string P_4; string P_5; int P_6; string P_7; int P_8; string P_9; int P_10; string P_11; int P_12; string P_13; int P_14","plugin-source/v10-source-restoration/WdServer.cs","2258"
"plugin-core","WdServer","rZg8sCBuxo","10036","Player P_0; bool P_1; string P_2; string P_3","plugin-source/v10-source-restoration/WdServer.cs","2372"
"plugin-core","WdServer","a5u8UysETO","10090","Player P_0; int P_1; int P_2; string P_3","plugin-source/v10-source-restoration/WdServer.cs","2405"
"plugin-core","WdServer","w948n8AZGd","10041","Player P_0; int P_1; int P_2","plugin-source/v10-source-restoration/WdServer.cs","3042"
"plugin-core","WdServer","paS85wuais","10042","Player P_0; int P_1; int P_2","plugin-source/v10-source-restoration/WdServer.cs","3059"
"plugin-core","WdServer","xRD8MlyBom","10043","Player P_0; int P_1","plugin-source/v10-source-restoration/WdServer.cs","3113"
"plugin-core","WdServer","qiR8hh72Kh","10044","Player P_0; bool P_1","plugin-source/v10-source-restoration/WdServer.cs","3159"
"plugin-core","WdServer","fyH8v3WJU5","10045","Player P_0; int P_1; int P_2","plugin-source/v10-source-restoration/WdServer.cs","3197"
"plugin-core","WdServer","n2v875uHXQ","10046","Player P_0; string P_1; string P_2; string P_3; int P_4; int P_5; int P_6; int P_7; int P_8","plugin-source/v10-source-restoration/WdServer.cs","3243"
"plugin-core","WdServer","HlE8aGHQZ8","10047","Player P_0; bool P_1","plugin-source/v10-source-restoration/WdServer.cs","3268"
"plugin-core","WdServer","GLl8T8DQBd","10048","Player P_0; string P_1; string P_2; string P_3; string P_4; string P_5","plugin-source/v10-source-restoration/WdServer.cs","3287"
"plugin-core","WdServer","fdc89NcPvr","10049","Player P_0; bool P_1; bool P_2; int P_3; string P_4; string P_5; int P_6; int P_7","plugin-source/v10-source-restoration/WdServer.cs","3313"
"plugin-core","WdServer","VU48yxdmTy","10050","Player P_0; string P_1; int P_2; int P_3; string P_4; int P_5; int P_6","plugin-source/v10-source-restoration/WdServer.cs","3338"
"plugin-core","WdServer","UUJ8CBDMlN","10051","Player P_0; string P_1; int P_2","plugin-source/v10-source-restoration/WdServer.cs","3356"
"plugin-core","WdServer","jtn8VMAthZ","10052","Player P_0; string P_1; string P_2; int P_3; int P_4; int P_5; string P_6; int P_7; string P_8","plugin-source/v10-source-restoration/WdServer.cs","3381"
"plugin-core","WdServer","Fua8krM2Kx","10053","Player P_0; bool P_1","plugin-source/v10-source-restoration/WdServer.cs","3414"
"plugin-core","WdServer","sfN8QyAFJp","10054","Player P_0; string P_1; string P_2","plugin-source/v10-source-restoration/WdServer.cs","3460"
"plugin-core","WdServer","MHf8EgdWBo","10081","Player P_0; bool P_1","plugin-source/v10-source-restoration/WdServer.cs","3491"
"plugin-core","WdServer","pG8830eib1","10055","Player P_0; bool P_1","plugin-source/v10-source-restoration/WdServer.cs","3505"
"plugin-core","WdServer","av68YudAYR","10082","Player P_0; string P_1; int P_2","plugin-source/v10-source-restoration/WdServer.cs","3522"
"plugin-core","WdServer","SSp8pyIMgD","10083","Player P_0; int P_1; string P_2; string P_3; string P_4; string P_5; string P_6; string P_7","plugin-source/v10-source-restoration/WdServer.cs","3551"
"plugin-core","WdServer","wMU81BvObj","10084","Player P_0; string P_1","plugin-source/v10-source-restoration/WdServer.cs","3583"
"plugin-core","WdServer","esw8xdJDVB","10088","Player P_0; string P_1","plugin-source/v10-source-restoration/WdServer.cs","3616"
"plugin-core","WdServer","gXC8HcqOI5","10089","Player P_0; bool P_1; string P_2","plugin-source/v10-source-restoration/WdServer.cs","3638"
"admin","NetClientFrom.后台主页界面","返回放开端口","10101","bool 是否成功; string 提示信息","admin-source/current/NetClientFrom/后台主页界面.cs","5296"
"admin","NetClientFrom.后台主页界面","返回启动插件","10063","string 提示信息","admin-source/current/NetClientFrom/后台主页界面.cs","5318"
"admin","NetClientFrom.后台主页界面","返回插件基本信息","10061","bool Is启动成功; string 基本信息; string 到期时间; bool Is中州论道; bool Is点卡功能; bool Is简化版本; bool 完美力魄","admin-source/current/NetClientFrom/后台主页界面.cs","5327"
"admin","NetClientFrom.后台主页界面","返回角色监控列表","10068","string value; bool 是否结束","admin-source/current/NetClientFrom/后台主页界面.cs","5369"
"admin","NetClientFrom.后台主页界面","返回强制所有玩家下线","10069","string 角色昵称","admin-source/current/NetClientFrom/后台主页界面.cs","5447"
"admin","NetClientFrom.后台主页界面","返回发货在线角色","10067","bool 是否成功","admin-source/current/NetClientFrom/后台主页界面.cs","5607"
"admin","NetClientFrom.后台主页界面","返回CDK生成","10064","string 生成信息","admin-source/current/NetClientFrom/后台主页界面.cs","5719"
"admin","NetClientFrom.后台主页界面","返回CDK刷新","10066","string cdk列表; bool 是否成功","admin-source/current/NetClientFrom/后台主页界面.cs","5782"
"admin","NetClientFrom.后台主页界面","返回启动网关","10056","bool 是否启动操作; int 启动状态","admin-source/current/NetClientFrom/后台主页界面.cs","6049"
"admin","NetClientFrom.后台主页界面","返回注册GM号","10074","string value","admin-source/current/NetClientFrom/后台主页界面.cs","6362"
"admin","NetClientFrom.后台主页界面","返回奇宝修改配置","10077","bool Is成功","admin-source/current/NetClientFrom/后台主页界面.cs","6400"
"admin","NetClientFrom.后台主页界面","返回奇宝删除配置","10076","string 物品编号; int 物品下标","admin-source/current/NetClientFrom/后台主页界面.cs","6439"
"admin","NetClientFrom.后台主页界面","返回奇宝上架配置","10075","string 新增商品json","admin-source/current/NetClientFrom/后台主页界面.cs","6506"
"admin","NetClientFrom.后台主页界面","返回奇宝刷新记录","10080","","admin-source/current/NetClientFrom/后台主页界面.cs","6528"
"admin","NetClientFrom.后台主页界面","返回后台登录","10057","bool Is成功; string 提示文本","admin-source/current/NetClientFrom/后台主页界面.cs","6617"
"admin","NetClientFrom.后台主页界面","返回更新公告配置","10058","string value","admin-source/current/NetClientFrom/后台主页界面.cs","6712"
"admin","NetClientFrom.后台主页界面","统一提示返回","10065","string value","admin-source/current/NetClientFrom/后台主页界面.cs","6726"
"admin","NetClientFrom.后台主页界面","返回保存配置","10060","string value","admin-source/current/NetClientFrom/后台主页界面.cs","6736"
"admin","NetClientFrom.后台主页界面","返回获取配置","10059","bool Is成功; int 配置类型; string 配置内容","admin-source/current/NetClientFrom/后台主页界面.cs","6748"
"admin","NetClientFrom.后台主页界面","返回数据调试","10072","int GID; bool 是否在线; string 当前数据","admin-source/current/NetClientFrom/后台主页界面.cs","6989"
"admin","NetClientFrom.后台主页界面","合区返回数据","10083","int 类型; bool 正常状态; string 文本","admin-source/current/NetClientFrom/后台主页界面.cs","8769"
"admin","NetClientFrom.后台主页界面","请求适配操作","10084","bool 状态; string 提示信息","admin-source/current/NetClientFrom/后台主页界面.cs","9533"
"admin","NetClientFrom.商城限购配置窗口","返回商城道具列表","10078","string value; bool 是否结束","admin-source/current/NetClientFrom/商城限购配置窗口.cs","159"
"admin","NetClientFrom.无双争夺战配置窗口","返回无双状态","10070","int 无双状态; string 提示","admin-source/current/NetClientFrom/无双争夺战配置窗口.cs","569"
"admin","NetClientFrom.无双争夺战配置窗口","返回刷新无双","10071","bool 刷新状态; string 名字; bool 是否报名; bool 战斗状态; int 积分","admin-source/current/NetClientFrom/无双争夺战配置窗口.cs","588"
"admin","NetClientFrom.试道大会配置窗口","返回刷新试道场内信息","10073","string 角色列表","admin-source/current/NetClientFrom/试道大会配置窗口.cs","214"
