"Project","Type","Method","Sql","File","Line"
"plugin-core","DB","Ju3NWyx2CS","UPDATE account SET CHECKSUM = upper(CAST(md5(concat(CAST(account AS char CHARACTER SET utf8),CAST(PASSWORD AS char CHARACTER SET utf8),CAST(LPAD(CONV(privilege, 10, 16), 8, 0) AS char CHARACTER SET utf8),CAST(blocked_time AS char CHARACTER SET utf8),CAST(LPAD(CONV(gold_coin, 10, 16), 8, 0) AS char CHARACTER SET utf8),CAST(LPAD(CONV(silver_coin, 10, 16), 8, 0) AS char CHARACTER SET utf8),CAST(coin_password AS char CHARACTER SET utf8),CAST(unlock_coin_password_time AS char CHARACTER SET utf8),CAST(trade_lock_time AS char CHARACTER SET utf8),CAST(permit_ip AS char CHARACTER SET utf8),'ABCDEF')) AS CHAR))WHERE account = '","plugin-source/v10-source-restoration/DB.cs","276"
"plugin-core","DB","E3iNgPntG8","SELECT gid FROM gid_info WHERE name = @name","plugin-source/v10-source-restoration/DB.cs","292"
"plugin-core","DB","DGHNDad7XG","select CAST(name AS BINARY) AS bytedata from gid_info where gid=@gid","plugin-source/v10-source-restoration/DB.cs","324"
"plugin-core","DB","ODoNjwX1A1","select CAST(content AS BINARY) AS bytedata from data where path='user' and branch='' and name=@name","plugin-source/v10-source-restoration/DB.cs","360"
"plugin-core","DB","RhsNloVXFg","select CAST(content AS BINARY) AS bytedata from data where path='user' and branch='' and name=@name","plugin-source/v10-source-restoration/DB.cs","394"
"plugin-core","DB","UliN8mrbMu","select privilege from account where account=@account","plugin-source/v10-source-restoration/DB.cs","430"
"plugin-core","DB","JY2NIJPMcG","select gold_coin,silver_coin,privilege from account where account=@account","plugin-source/v10-source-restoration/DB.cs","468"
"plugin-core","DB","JY2NIJPMcG","UPDATE account SET gold_coin = gold_coin+","plugin-source/v10-source-restoration/DB.cs","508"
"plugin-core","DB","JY2NIJPMcG","update account set checksum=UPPER(checksum) WHERE account = '","plugin-source/v10-source-restoration/DB.cs","519"
"plugin-core","DB","cAJNoOkab6","select gold_coin,silver_coin from account where account='","plugin-source/v10-source-restoration/DB.cs","548"
"plugin-core","DB","cAJNoOkab6","UPDATE account SET gold_coin = gold_coin+","plugin-source/v10-source-restoration/DB.cs","579"
"plugin-core","DB","XTGNNsRFkB","select gold_coin from account where account='","plugin-source/v10-source-restoration/DB.cs","620"
"plugin-core","DB","XTGNNsRFkB","select silver_coin from account where account='","plugin-source/v10-source-restoration/DB.cs","624"
"plugin-core","DB","XTGNNsRFkB","UPDATE account SET gold_coin = 0, CHECKSUM =upper(md5(concat(account,PASSWORD,LPAD(conv(privilege, 10, 16), 8, 0),blocked_time,LPAD(conv(gold_coin, 10, 16),8,0),LPAD(conv(silver_coin, 10, 16),8,0),coin_password,unlock_coin_password_time,trade_lock_time,permit_ip,permit_id,'ABCDEF'))) WHERE account = '","plugin-source/v10-source-restoration/DB.cs","638"
"plugin-core","DB","XTGNNsRFkB","UPDATE account SET silver_coin = 0, CHECKSUM =upper(md5(concat(account,PASSWORD,LPAD(conv(privilege, 10, 16), 8, 0),blocked_time,LPAD(conv(gold_coin, 10, 16),8,0),LPAD(conv(silver_coin, 10, 16),8,0),coin_password,unlock_coin_password_time,trade_lock_time,permit_ip,permit_id,'ABCDEF'))) WHERE account = '","plugin-source/v10-source-restoration/DB.cs","645"
"plugin-core","DB","j3ANifCI7L","select gold_coin,silver_coin from account where account='","plugin-source/v10-source-restoration/DB.cs","678"
"plugin-core","DB","j3ANifCI7L","UPDATE account SET gold_coin = gold_coin+","plugin-source/v10-source-restoration/DB.cs","710"
"plugin-core","DB","c1GNBnKh5d","select gold_coin,silver_coin from account where account='","plugin-source/v10-source-restoration/DB.cs","751"
"plugin-core","DB","c1GNBnKh5d","UPDATE account SET gold_coin = gold_coin+","plugin-source/v10-source-restoration/DB.cs","782"
"plugin-core","DB","b0lNGoCiRI","select gold_coin,silver_coin from account where account='","plugin-source/v10-source-restoration/DB.cs","818"
"plugin-core","DB","b0lNGoCiRI","UPDATE account SET gold_coin = 0,silver_coin = 0, CHECKSUM =upper(md5(concat(account,PASSWORD,LPAD(conv(privilege, 10, 16), 8, 0),blocked_time,LPAD(conv(gold_coin, 10, 16),8,0),LPAD(conv(silver_coin, 10, 16),8,0),coin_password,unlock_coin_password_time,trade_lock_time,permit_ip,permit_id,'ABCDEF'))) WHERE account = '","plugin-source/v10-source-restoration/DB.cs","829"
"plugin-core","DB","oEqNfmWhM4","select gold_coin from account where account='","plugin-source/v10-source-restoration/DB.cs","854"
"plugin-core","DB","oEqNfmWhM4","UPDATE account SET gold_coin = 0, CHECKSUM =upper(md5(concat(account,PASSWORD,LPAD(conv(privilege, 10, 16), 8, 0),blocked_time,LPAD(conv(gold_coin, 10, 16),8,0),LPAD(conv(silver_coin, 10, 16),8,0),coin_password,unlock_coin_password_time,trade_lock_time,permit_ip,permit_id,'ABCDEF'))) WHERE account = '","plugin-source/v10-source-restoration/DB.cs","865"
"plugin-core","DB","PtuN65WBZ6","select silver_coin from account where account='","plugin-source/v10-source-restoration/DB.cs","890"
"plugin-core","DB","PtuN65WBZ6","UPDATE account SET silver_coin = 0, CHECKSUM =upper(md5(concat(account,PASSWORD,LPAD(conv(privilege, 10, 16), 8, 0),blocked_time,LPAD(conv(gold_coin, 10, 16),8,0),LPAD(conv(silver_coin, 10, 16),8,0),coin_password,unlock_coin_password_time,trade_lock_time,permit_ip,permit_id,'ABCDEF'))) WHERE account = '","plugin-source/v10-source-restoration/DB.cs","901"
"plugin-core","DB","KmyN2tdqQc","select 1 from data where path = 'runtime' and name ='","plugin-source/v10-source-restoration/DB.cs","925"
"plugin-core","DB","z6HNmqLhum","select 1 from data where path = 'runtime' and name ='","plugin-source/v10-source-restoration/DB.cs","951"
"plugin-core","DB","XjTNPETDem","select CAST(content AS BINARY) AS bytedata from data where path = 'user' and branch ='carry' and name ='","plugin-source/v10-source-restoration/DB.cs","997"
"plugin-core","DB","XjTNPETDem","update data set content='","plugin-source/v10-source-restoration/DB.cs","1039"
"plugin-core","DB","u0sNXMe2QN","select CAST(content AS BINARY) AS bytedata from data where branch = 'patch' and name ='","plugin-source/v10-source-restoration/DB.cs","1074"
"plugin-core","DB","kPJNFAhrFx","select CAST(content AS BINARY) AS bytedata from data where path = 'user' and branch ='carry' and name ='","plugin-source/v10-source-restoration/DB.cs","1120"
"plugin-core","DB","AccChecksum","UPDATE","plugin-source/v10-source-restoration/DB.cs","1218"
"plugin-core","DB","JfDNL1qVLO","select CAST(content AS BINARY) AS bytedata from data where path = 'user' and branch ='carry' and name ='","plugin-source/v10-source-restoration/DB.cs","1242"
"plugin-core","DB","JfDNL1qVLO","update data set content='","plugin-source/v10-source-restoration/DB.cs","1304"
"plugin-core","DB","iIiN5qmkYH","select CAST(content AS BINARY) AS bytedata from data where path = 'user' and branch ='carry' and name ='","plugin-source/v10-source-restoration/DB.cs","2557"
"plugin-core","DB","iIiN5qmkYH","update data set content='","plugin-source/v10-source-restoration/DB.cs","2591"
"plugin-core","DB","iIiN5qmkYH","select CAST(content AS BINARY) AS bytedata from data where path = 'user' and branch ='' and name ='","plugin-source/v10-source-restoration/DB.cs","2605"
"plugin-core","DB","iIiN5qmkYH","update data set content='","plugin-source/v10-source-restoration/DB.cs","2702"
"plugin-core","DB","w5lNMH6DIt","select CAST(content AS BINARY) AS bytedata from data where branch ='patch' and name ='","plugin-source/v10-source-restoration/DB.cs","2735"
"plugin-core","DB","w5lNMH6DIt","update data set content='","plugin-source/v10-source-restoration/DB.cs","2871"
"plugin-core","DB","OvlNheWUZG","select CAST(content AS BINARY) AS bytedata from data where branch ='patch' and name ='","plugin-source/v10-source-restoration/DB.cs","2913"
"plugin-core","DB","OvlNheWUZG","update data set content='","plugin-source/v10-source-restoration/DB.cs","3049"
"plugin-core","DB","L3cNvWKwjx","select CAST(content AS BINARY) AS bytedata from data where branch ='' and path = 'user' and name ='","plugin-source/v10-source-restoration/DB.cs","3093"
"plugin-core","DB","L3cNvWKwjx","update data set content='","plugin-source/v10-source-restoration/DB.cs","3218"
"plugin-core","DB","lcMN7neI7I","select CAST(content AS BINARY) AS bytedata from data where branch ='' and path = 'user' and name ='","plugin-source/v10-source-restoration/DB.cs","3261"
"plugin-core","DB","lcMN7neI7I","update data set content='","plugin-source/v10-source-restoration/DB.cs","3296"
"plugin-core","DB","sAYNamlSOP","select CAST(content AS BINARY) AS bytedata from data where branch ='' and path = 'user' and name ='","plugin-source/v10-source-restoration/DB.cs","3330"
"plugin-core","DB","w0pNTI2rmG","select CAST(content AS BINARY) AS bytedata from data where branch ='' and path = 'user' and name ='","plugin-source/v10-source-restoration/DB.cs","3378"
"plugin-core","DB","w0pNTI2rmG","update data set content='","plugin-source/v10-source-restoration/DB.cs","3395"
"plugin-core","DB","KknN9e9GTK","select CAST(content AS BINARY) AS bytedata from data where path = 'user' and branch ='carry' and name ='","plugin-source/v10-source-restoration/DB.cs","3426"
"plugin-core","DB","JevNyLC1UJ","select CAST(content AS BINARY) AS bytedata from data where path = 'user' and branch ='carry' and name ='","plugin-source/v10-source-restoration/DB.cs","3483"
"plugin-core","DB","A1gNCx0GiF","select CAST(content AS BINARY) AS bytedata from data where path = 'user' and branch ='carry' and name ='","plugin-source/v10-source-restoration/DB.cs","3596"
"plugin-core","DB","C2XNVmntJa","select CAST(content AS BINARY) AS bytedata from data where path = 'user' and branch ='carry' and name ='","plugin-source/v10-source-restoration/DB.cs","3708"
"plugin-core","DB","C2XNVmntJa","update data set content='","plugin-source/v10-source-restoration/DB.cs","3817"
"plugin-core","DB","ThVNkUOkV1","select CAST(content AS BINARY) AS bytedata from data where path = 'user' and branch ='carry' and name ='","plugin-source/v10-source-restoration/DB.cs","3851"
"plugin-core","DB","ThVNkUOkV1","update data set content='","plugin-source/v10-source-restoration/DB.cs","3967"
"plugin-core","DB","EOON01Bhu7","select CAST(content AS BINARY) AS bytedata from data where path = 'user' and branch ='carry' and name ='","plugin-source/v10-source-restoration/DB.cs","4001"
"plugin-core","DB","EOON01Bhu7","update data set content='","plugin-source/v10-source-restoration/DB.cs","4115"
"plugin-core","DB","LuPNOoBm9M","select CAST(content AS BINARY) AS bytedata from data where path = 'user' and branch ='carry' and name ='","plugin-source/v10-source-restoration/DB.cs","4149"
"plugin-core","DB","LuPNOoBm9M","update data set content='","plugin-source/v10-source-restoration/DB.cs","4263"
"plugin-core","DB","XS1NQib1hv","select CAST(content AS BINARY) AS bytedata from data where path = 'user' and branch ='carry' and name ='","plugin-source/v10-source-restoration/DB.cs","4297"
"plugin-core","DB","XS1NQib1hv","update data set content='","plugin-source/v10-source-restoration/DB.cs","4407"
"plugin-core","DB","q4tNElyr7E","select CAST(content AS BINARY) AS bytedata from data where path = 'user' and branch ='carry' and name ='","plugin-source/v10-source-restoration/DB.cs","4441"
"plugin-core","DB","q4tNElyr7E","update data set content='","plugin-source/v10-source-restoration/DB.cs","4554"
"plugin-core","DB","VEaN3PYcQZ","SELECT 1 FROM information_schema.columns WHERE table_name = 'account' AND column_name = 'mu_cz' LIMIT 1","plugin-source/v10-source-restoration/DB.cs","4587"
"plugin-core","DB","VEaN3PYcQZ","alter table account add column mu_cz int(11) ZEROFILL not NULL after memo;","plugin-source/v10-source-restoration/DB.cs","4594"
"plugin-core","DB","OtMNYN4cvo","SELECT COLUMN_NAME FROM information_schema.columns WHERE TABLE_SCHEMA = DATABASE() AND TABLE_NAME = 'yjzcxx' AND COLUMN_NAME = 'yzm'","plugin-source/v10-source-restoration/DB.cs","4623"
"plugin-core","DB","OtMNYN4cvo","ALTER TABLE yjzcxx ADD COLUMN yzm varchar(32) CHARACTER SET latin1 NOT NULL DEFAULT '' AFTER aqpass;","plugin-source/v10-source-restoration/DB.cs","4630"
"plugin-core","DB","vWiNp7QZQV","create table","plugin-source/v10-source-restoration/DB.cs","4663"
"plugin-core","DB","lrCN10MduL","insert into yjcdk(cdk, cdktype, info,count) values('","plugin-source/v10-source-restoration/DB.cs","4710"
"plugin-core","DB","JLeNxXwjvp","select cdk from yjcdk where cdk='","plugin-source/v10-source-restoration/DB.cs","4781"
"plugin-core","DB","nfUNHWxQg5","select * from yjcdk","plugin-source/v10-source-restoration/DB.cs","4882"
"plugin-core","DB","wf9N4MHQvU","select * from yjcdk","plugin-source/v10-source-restoration/DB.cs","4994"
"plugin-core","DB","K6CNeCnGhr","DELETE FROM yjcdk WHERE cdk='","plugin-source/v10-source-restoration/DB.cs","5051"
"plugin-core","DB","K6CNeCnGhr","TRUNCATE TABLE yjcdk","plugin-source/v10-source-restoration/DB.cs","5055"
"plugin-core","DB","wmMNqYIGuE","select * from yjcdk where cdk='","plugin-source/v10-source-restoration/DB.cs","5088"
"plugin-core","DB","wmMNqYIGuE","update yjcdk set syname='","plugin-source/v10-source-restoration/DB.cs","5111"
"plugin-core","DB","wmMNqYIGuE","update account set mu_cz=mu_cz+","plugin-source/v10-source-restoration/DB.cs","5140"
"plugin-core","DB","IPJNZeRxy9","update","plugin-source/v10-source-restoration/DB.cs","5314"
"plugin-core","DB","IPJNZeRxy9","select * from yjcdk where cdk=@cdk","plugin-source/v10-source-restoration/DB.cs","5334"
"plugin-core","DB","IPJNZeRxy9","update yjcdk set syname='","plugin-source/v10-source-restoration/DB.cs","5366"
"plugin-core","DB","IPJNZeRxy9","update yjcdk set syname='","plugin-source/v10-source-restoration/DB.cs","5403"
"plugin-core","DB","uSXNt3pcrB","select * from yjcdk where cdk='","plugin-source/v10-source-restoration/DB.cs","5457"
"plugin-core","DB","uSXNt3pcrB","update yjcdk set syname='","plugin-source/v10-source-restoration/DB.cs","5480"
"plugin-core","DB","OfvNAsuSuZ","create table","plugin-source/v10-source-restoration/DB.cs","5562"
"plugin-core","DB","zZwNzPUOhm","select * from yjuser","plugin-source/v10-source-restoration/DB.cs","5594"
"plugin-core","DB","wQ0iu8C57G","select * from yjpet","plugin-source/v10-source-restoration/DB.cs","5676"
"plugin-core","DB","vZGiRD2ejr","select * from yjzcxx","plugin-source/v10-source-restoration/DB.cs","5957"
"plugin-core","DB","GID取宠物数据","select CAST(content AS BINARY) AS bytedata from data where name='","plugin-source/v10-source-restoration/DB.cs","6004"
"plugin-core","DB","GID取娃娃数据","select CAST(content AS BINARY) AS bytedata from data where name='","plugin-source/v10-source-restoration/DB.cs","6040"
"plugin-core","DB","Mysql_发送五系娃娃处理","UPDATE data SET content='","plugin-source/v10-source-restoration/DB.cs","6176"
"plugin-core","DB","Mysql_发送五系娃娃处理","INSERT INTO data (path,name,branch,content,time,checksum) VALUES('child',':","plugin-source/v10-source-restoration/DB.cs","6212"
"plugin-core","DB","GnMisRMvyJ","select * from yjcdk where cdk=@cdk","plugin-source/v10-source-restoration/DB.cs","6254"
"plugin-core","DB","GnMisRMvyJ","update yjcdk set syname='","plugin-source/v10-source-restoration/DB.cs","6279"
"plugin-core","DB","网关注册账号事件","select account from","plugin-source/v10-source-restoration/DB.cs","6419"
"plugin-core","DB","网关注册账号事件","select name from","plugin-source/v10-source-restoration/DB.cs","6438"
"plugin-core","DB","网关注册账号事件","select name from","plugin-source/v10-source-restoration/DB.cs","6471"
"plugin-core","DB","网关注册账号事件","INSERT INTO","plugin-source/v10-source-restoration/DB.cs","6523"
"plugin-core","DB","网关注册账号事件","INSERT INTO","plugin-source/v10-source-restoration/DB.cs","6554"
"plugin-core","DB","网关注册账号事件","select gid from","plugin-source/v10-source-restoration/DB.cs","6570"
"plugin-core","DB","网关注册账号事件","INSERT INTO dl_ddb_1.data(path,name,branch,content,checksum) VALUES('user','{0}','','{1}','{2}')","plugin-source/v10-source-restoration/DB.cs","6750"
"plugin-core","DB","网关注册账号事件","INSERT INTO dl_ddb_1.data(path,name,branch,content,checksum) VALUES('user','{0}','achieve','{1}','{2}')","plugin-source/v10-source-restoration/DB.cs","6759"
"plugin-core","DB","网关注册账号事件","INSERT INTO dl_ddb_1.data(path,name,branch,content,checksum) VALUES('user','{0}','carry','{1}','{2}')","plugin-source/v10-source-restoration/DB.cs","6803"
"plugin-core","DB","网关注册账号事件","INSERT INTO dl_ddb_1.data(path,name,branch,content,checksum) VALUES('child','{0}','','{1}','{2}')","plugin-source/v10-source-restoration/DB.cs","6832"
"plugin-core","DB","网关注册账号事件","INSERT INTO dl_ddb_1.data(path,name,branch,content,checksum) VALUES('user','{0}','patch','{1}','{2}')","plugin-source/v10-source-restoration/DB.cs","6855"
"plugin-core","DB","网关注册账号事件","INSERT INTO dl_ddb_1.data(path,name,branch,content,checksum) VALUES('login','{0}','','{1}','{2}')","plugin-source/v10-source-restoration/DB.cs","6865"
"plugin-core","DB","网关注册账号事件","INSERT INTO dl_adb_all.yjzcxx(account,pass,aqpass,yzm,zcname,zclv,zcip,zcmac,zcqq,zctime) VALUES('","plugin-source/v10-source-restoration/DB.cs","6889"
"plugin-core","DB","创建注册存档数据","INSERT INTO dl_adb_all.yjzcxx(account,pass,aqpass,yzm,zcname,zclv,zcip,zcmac,zcqq,zctime) VALUES('","plugin-source/v10-source-restoration/DB.cs","6959"
"plugin-core","DB","后台注册GM账号事件","select account from","plugin-source/v10-source-restoration/DB.cs","7027"
"plugin-core","DB","后台注册GM账号事件","select name from","plugin-source/v10-source-restoration/DB.cs","7058"
"plugin-core","DB","后台注册GM账号事件","INSERT INTO","plugin-source/v10-source-restoration/DB.cs","7083"
"plugin-core","DB","后台注册GM账号事件","INSERT INTO","plugin-source/v10-source-restoration/DB.cs","7118"
"plugin-core","DB","后台注册GM账号事件","select gid from","plugin-source/v10-source-restoration/DB.cs","7136"
"plugin-core","DB","后台注册GM账号事件","INSERT INTO dl_ddb_1.data(path,name,branch,content,checksum) VALUES('user','{0}','','{1}','{2}')","plugin-source/v10-source-restoration/DB.cs","7314"
"plugin-core","DB","后台注册GM账号事件","INSERT INTO dl_ddb_1.data(path,name,branch,content,checksum) VALUES('user','{0}','achieve','{1}','{2}')","plugin-source/v10-source-restoration/DB.cs","7322"
"plugin-core","DB","后台注册GM账号事件","INSERT INTO dl_ddb_1.data(path,name,branch,content,checksum) VALUES('user','{0}','carry','{1}','{2}')","plugin-source/v10-source-restoration/DB.cs","7365"
"plugin-core","DB","后台注册GM账号事件","INSERT INTO dl_ddb_1.data(path,name,branch,content,checksum) VALUES('child','{0}','','{1}','{2}')","plugin-source/v10-source-restoration/DB.cs","7394"
"plugin-core","DB","后台注册GM账号事件","INSERT INTO dl_ddb_1.data(path,name,branch,content,checksum) VALUES('user','{0}','patch','{1}','{2}')","plugin-source/v10-source-restoration/DB.cs","7417"
"plugin-core","DB","后台注册GM账号事件","INSERT INTO dl_ddb_1.data(path,name,branch,content,checksum) VALUES('login','{0}','','{1}','{2}')","plugin-source/v10-source-restoration/DB.cs","7427"
"plugin-core","DB","后台注册GM账号事件","INSERT INTO dl_adb_all.yjzcxx(account,pass,aqpass,yzm,zcname,zclv,zcip,zcmac,zcqq,zctime) VALUES('","plugin-source/v10-source-restoration/DB.cs","7435"
"plugin-core","DB","网关修改密码事件","select * from account where account=@account","plugin-source/v10-source-restoration/DB.cs","7516"
"plugin-core","DB","网关修改密码事件","UPDATE account SET password='{0}' where account='{1}'","plugin-source/v10-source-restoration/DB.cs","7543"
"plugin-core","DB","锁定账号操作","update account set locked='","plugin-source/v10-source-restoration/DB.cs","7577"
"plugin-core","DB","锁定账号操作异步","update account set locked='","plugin-source/v10-source-restoration/DB.cs","7613"
"plugin-core","DB","更新强力守护操作","select CAST(content AS BINARY) AS bytedata from data where path='user' and branch='patch' and name='","plugin-source/v10-source-restoration/DB.cs","7675"
"plugin-core","DB","更新强力守护操作","UPDATE data SET content='","plugin-source/v10-source-restoration/DB.cs","7730"
"plugin-core","DB","测试数据库文本读取","select CAST(content AS BINARY) AS bin_data from data where path='user' and branch='patch' and name='","plugin-source/v10-source-restoration/DB.cs","7766"
"plugin-core","DB","Jo4iUQtFYN","select CAST(content AS BINARY) AS bytedata from data where branch ='patch' and name ='","plugin-source/v10-source-restoration/DB.cs","7807"
"plugin-core","DB","Jo4iUQtFYN","update data set content='","plugin-source/v10-source-restoration/DB.cs","7893"
"plugin-core","DB","DXLiWhENog","select CAST(content AS BINARY) AS bytedata from data where path = 'user' and branch ='carry' and name ='","plugin-source/v10-source-restoration/DB.cs","7925"
"plugin-core","DB","DXLiWhENog","update data set content='","plugin-source/v10-source-restoration/DB.cs","7963"
"plugin-core","DB","JTbigvkj7R","select CAST(content AS BINARY) AS bytedata from data where path = 'user' and branch ='carry' and name ='","plugin-source/v10-source-restoration/DB.cs","7995"
"plugin-core","DB","JTbigvkj7R","update data set content='","plugin-source/v10-source-restoration/DB.cs","8053"
"plugin-core","htk7ADBGgMdoyiK2inI.wki1dRBBTGa2CXII175","sgwB22noKe","select * from yjuser","plugin-source/v10-source-restoration/htk7ADBGgMdoyiK2inI/wki1dRBBTGa2CXII175.cs","212"
"plugin-core","htk7ADBGgMdoyiK2inI.wki1dRBBTGa2CXII175","OBvBmu3xBR","select * from yjpet","plugin-source/v10-source-restoration/htk7ADBGgMdoyiK2inI/wki1dRBBTGa2CXII175.cs","271"
"plugin-core","htk7ADBGgMdoyiK2inI.wki1dRBBTGa2CXII175","VHkBPNVTh0","select * from yjzcxx","plugin-source/v10-source-restoration/htk7ADBGgMdoyiK2inI/wki1dRBBTGa2CXII175.cs","310"
